Scenario,RowID,Regime0,RegimeNew,Temperature,Salinity0,Salinity,SeaIce0,SeaIce,WindSpeed,Hg0_water,DGM_obs,HgII_water,Hg0_air,GEM_obs,MLD,Dw,P_sink,AS,Net,Diff_Hg0,Current_Hg0,fr_Hg0,Diff_HgII,Current_HgII,fr_HgII,Red_UVB,Red_UVA,Red_Bio,Ox_UVB,Ox_UVA,Ox_Dark,Ox_Bio,a_443,NSE_num,NSE_den,PBIAS_num,PBIAS_den
SalinityOnly,1,ice,ice,-0.405,28.054,26.954,0.432,0.432,3.92,0.040526093684116,0.061,0.664671733805003,1.0672732319541,1.148,4.18134979999999,1.02603777986915e-05,0.130195888896358,0.0030976311295735,-0.0136290783291083,0.014606564941678,0.00190794981069101,0.0016474811105798,0.0131199875078895,0.0416657418416186,0.0324336341269006,0.000282437098395996,0.00267468775849054,0.000101921772708016,0.00393116833703573,0.0494809315566065,0.00036,0.000165919164873515,0.142231275088126,0.000419180839831596,0.0035473936,2.0473906315884,0.061
SalinityOnly,2,ice,ice,-0.386,28.408,27.308,0.218,0.218,4.21,0.0554304552686134,0.071,0.745314118592628,1.07550170173176,1.139,5.4322796,1.23645859300598e-05,0.145992117976302,0.0189914576029603,0.00027244000306148,0.016583163010882,0.00251130366520421,0.00204378648447234,0.0108776894925685,0.0548417624059059,0.0402356194830979,0.000315268370187609,0.00359146696841148,0.000159851352467157,0.0042701269141369,0.0519144833231764,0.00036,0.000260223131923279,0.139130319710612,0.000242410723142649,0.0024561936,1.55695447313866,0.071
SalinityOnly,3,open,open,-0.458,28.775,27.075,0.1244,0.1244,5.671,0.054091700709797,0.066,0.834279228884795,1.08423836705883,1.05,5.37923886846525,3.0758539064608e-05,0.163418602398835,0.0351637989648124,-0.00852708627538978,0.0414804827030769,0.00246556534081022,0.00208677178975582,0.0135218325086892,0.0538429304629535,0.0410818626694047,0.000341374629684667,0.00362468981996382,0.000155760783267868,0.00471952727654539,0.0614051693175641,0.00036,0.000253564065784902,0.141172996580919,0.000141807591985048,0.0029767936,1.1908299290203,0.066
SalinityOnly,4,open,open,-0.394,28.596,26.896,0.0918,0.0918,8.036,0.0551340234834055,0.061,0.92148757199767,1.10633338191859,1.023,6.39819006799544,7.2163440999276e-05,0.180500971293569,0.0749895692625423,-0.0246092229265726,0.0969026003459801,0.00291321176175554,0.00253956719262142,0.000589593437224884,0.0636186174893733,0.0499959560308254,0.000296597546055052,0.0030703127038802,0.00017794194461238,0.00413729177189674,0.0592512017968846,0.00036,0.000289672933089921,0.142737923661304,3.44096804932384e-05,0.0035473936,0.586597651659453,0.061
SalinityOnly,5,ice,ice,-0.378,27.905,26.805,0.2245,0.2245,8.499,0.0583095878730458,0.078,0.952874045263549,1.11142583278592,1.042,3.65482849999999,0.00013423509044353,0.186648953189504,0.0834307871154383,-0.0957287391052347,0.177896843181531,0.00165847922500401,0.00146737498108799,-0.0197468798125922,0.0362178118373449,0.0288879204489491,0.00040400696205477,0.00352831549195529,9.68835843216955e-05,0.0056488851483213,0.0729593862650461,0.00036,0.000157717462849272,0.143532005922695,0.000387712329729306,0.0018113536,1.96904121269542,0.078
SalinityOnly,6,ice,ice,-0.457,27.869,26.769,0.2329,0.2329,7.794,0.0552426646969001,0.084,0.937463108380266,1.09861332584775,1.128,3.52761529999999,0.000105875527822242,0.183630259112115,0.0603918032223641,-0.083018837069804,0.142108308374231,0.00159860286344557,0.00142267756383701,-0.0075028511390987,0.0349102339287804,0.0280079712536436,0.00040601654760394,0.0034698981689173,9.2281773908887e-05,0.00568009494396296,0.0738107483649593,0.00036,0.000150226143572607,0.143845864275761,0.000826984333734916,0.0013366336,2.87573353030999,0.084
SalinityOnly,7,ice,ice,-0.44,27.682,26.582,0.2792,0.2792,9.128,0.0601924517112395,0.088,0.989598974988791,1.11849026936547,1.215,2.86681339999998,0.000194898809527375,0.193842631853801,0.0958215946875723,-0.161303494522621,0.256263256979342,0.00129007304386404,0.00118309931200117,-0.0640816265012588,0.0281725704215472,0.0232914416892642,0.000435671996581324,0.00323211175168791,7.0401444658468e-05,0.00608839157791954,0.0803975814832405,0.00036,0.00011460700293239,0.145473535753635,0.000773259741831745,0.0010601536,2.78075482887605,0.088
SalinityOnly,8,ice,ice,-0.418,27.641,26.541,0.6001,0.6001,5.549,0.0409717741799361,0.089,0.750443422437424,1.06865837333277,1.23,2.72193169999998,3.58974790970144e-05,0.14699684593377,0.00469901305381081,-0.0476099370235545,0.0510148118615175,0.00122298667931368,0.00112891262182677,0.0306697137992849,0.0267075407175239,0.0222246790584953,0.000253631923886819,0.00182501585764232,5.13395124439714e-05,0.0035402130183044,0.047088137283432,0.00036,8.3575950490186e-05,0.145829800106112,0.00230671047542305,0.0009960336,4.80282258200639,0.089
SalinityOnly,9,ice,ice,-0.443,27.643,26.543,0.5022,0.5022,4.723,0.0357193921919706,0.109,0.709237822495883,1.06588968344517,1.206,2.7289991,2.38823150327209e-05,0.138925493657082,0.000245161744242355,-0.0358221606063334,0.0346333198598857,0.00122625451882881,0.00113156971640279,0.0252728449614428,0.0267789036836012,0.0222769887528316,0.000310588026215734,0.00223989008942776,5.70061606145833e-05,0.0043354992414152,0.0576882980735928,0.00036,9.28007265818798e-05,0.145812426485064,0.00537004748071422,0.0001336336,7.32806078080294,0.109
SalinityOnly,10,ice,ice,-0.403,27.816,26.716,0.353,0.353,3.978,0.0361059321169274,0.11,0.690705106006149,1.06561622592217,1.209,3.34032919999999,1.35088660513736e-05,0.135295305438859,0.000539481427815763,-0.0208095096790081,0.0195612262574421,0.0015107337311285,0.00135603598328677,0.0155339850014095,0.0329913508625408,0.0266960116643501,0.000349005002671057,0.00289521824485854,8.0848008823155e-05,0.00488437960820296,0.064272822601654,0.00036,0.000131613037619089,0.144307636762362,0.00546033326830815,0.0001115136,7.38940678830726,0.11
SalinityOnly,11,open,open,-0.062,28.28,26.58,0,0,10.695,0.0526443389450011,0.101,1.0018349129618,1.13343553121218,1.21,7.25793650209687,0.000148263308761165,0.196239407193947,0.124113225981273,-0.0803508468419331,0.201132054779657,0.003265843446101,0.00299599180431549,-0.057723157084837,0.0713193759908728,0.0589814969072173,0.000222501802645217,0.00221226691927006,0.000186222583967335,0.00310924448186571,0.0551265060559044,0.00036,0.000303153043667754,0.14549091961683,0.00233826995606594,0.0003825936,4.83556610549989,0.101
SalinityOnly,12,open,open,-0.404,28.753,27.053,0,0,9.735,0.0620169680411925,0.113,0.928204582490851,1.15141929190801,1.18,7.22343267317693,0.000124684044807948,0.181816699204668,0.156388929014,-0.00897542028727916,0.162683376975156,0.00330815830059486,0.00281017149584505,-0.00312464752053143,0.0722434463167942,0.0553232893201469,0.000227664545729599,0.00279264998945812,0.000207037969893232,0.00315212857114327,0.0480749770847618,0.00036,0.000337038555640145,0.141365540682038,0.00259926954771279,5.71536e-05,5.09830319588076,0.113
SalinityOnly,13,open,open,-0.428,28.732,27.032,0,0,9.983,0.0619097919571468,0.123,0.933758000883518,1.15487194955409,1.179,7.30887892841081,0.000132275296829448,0.182904502713187,0.162585461249029,-0.0128107002960643,0.172666561004655,0.00334469228104516,0.00285112083552052,-0.00694904444933827,0.0730412741157012,0.0561294508550157,0.000225612923849639,0.00274786706397825,0.000208337743988099,0.00312787480964259,0.0480425359124144,0.00036,0.000339154466957371,0.141549279232673,0.00373201351871908,5.95359999999999e-06,6.10902080428532,0.123
SalinityOnly,14,open,open,-0.414,28.71,27.01,0.0058,0.0058,10.676,0.0624590734845923,0.115,0.941725680245683,1.1679395774853,1.17,7.56646122622379,0.000154928410010019,0.184465211622922,0.186007593210797,-0.018575781711672,0.201766454497879,0.00345974919043897,0.00295996044650677,-0.0142461113249767,0.0755538829154896,0.0582721547067157,0.000212017733349061,0.00259624515812502,0.00021315889867603,0.00294323029697684,0.0461427983567021,0.00036,0.000347002858309817,0.141741710898711,0.00276054895909747,3.09135999999999e-05,5.25409265154077,0.115
SalinityOnly,15,open,open,-0.452,28.81,27.11,0.0657,0.0657,10.31,0.0644639065590278,0.12,0.920229853975498,1.16325155610063,1.169,7.50005426098207,0.000138750773587243,0.180254609506916,0.177278739940571,-0.00452934024387763,0.179159954667228,0.00344208146150049,0.00289631894035444,0.00199697121654945,0.0751680556632456,0.0570192569875405,0.000196511695668071,0.00252260502249309,0.000211128883159821,0.00270993895949754,0.0416738393778494,0.00036,0.000343698181888081,0.140866558732477,0.0030842576746844,3.13600000000006e-07,5.55360934409722,0.12
SalinityOnly,16,open,open,-0.472,28.784,27.084,0.042,0.042,11.722,0.0659264669755784,0.119,0.936068091963548,1.19686226527711,1.17,8.02748060387475,0.000192263356701606,0.183357003318071,0.237725053214531,-0.0117658755592115,0.246702558695465,0.00368060567408009,0.00311047792114371,-0.0122978034387575,0.0803769391509709,0.0612353624004058,0.000185249586752115,0.00239741570936669,0.000224907515015567,0.00255947834297635,0.0403506014144195,0.00036,0.00036612851281604,0.14109421205261,0.00281679990769437,2.43360000000002e-06,5.30735330244216,0.119
SalinityOnly,17,open,open,-0.518,28.787,27.087,0.0984,0.0984,12.238,0.0670892501913983,0.123,0.935477882535726,1.20460607755645,1.17,8.22355319415439,0.00020626490178106,0.183241393104515,0.251326200230128,-0.014812630231859,0.263342531105225,0.00377092274447839,0.00318521297732469,-0.0125911122985422,0.0823492802041898,0.0627066566404803,0.000168144818533396,0.00219874238732657,0.000224939741622985,0.0023226582694866,0.0369267887112681,0.00036,0.000366180974735093,0.141067948420625,0.00312601194416006,5.95359999999999e-06,5.59107498086017,0.123
SalinityOnly,18,ice,ice,-0.622,29.032,27.932,0.2682,0.2682,11.582,0.0862102890397277,0.128,0.858472904061688,1.23394320722959,1.172,7.63730839999999,0.000208716629665386,0.168157659116793,0.303084455079922,0.0574451504821001,0.244406881932518,0.00361135001574603,0.00263406358057595,0.0667726222729175,0.078864536484481,0.0518562876932335,0.000162381286407435,0.00253983934454194,0.000232178534576474,0.00201976792907115,0.0265024154547868,0.00036,0.000377965056287283,0.133630351418447,0.00174637994214311,5.53536e-05,4.17897109602723,0.128
SalinityOnly,19,open,open,-0.574,29.024,27.324,0.0821,0.0821,11.67,0.0715516738279042,0.118,0.903529249910318,1.21347318123841,1.179,8.21702544771394,0.000191340459514886,0.176983295441965,0.267325884739286,0.0253063031667028,0.239567249711492,0.00380089725412467,0.00308488915518188,0.0185628336216141,0.0830038625070119,0.0607316014360857,0.000162498959804191,0.00235399842620961,0.000236332810169337,0.00219720778041223,0.0336831593663622,0.00036,0.000384727830508222,0.138989822133386,0.0021574470041894,6.55360000000003e-06,4.64483261720958,0.118
SalinityOnly,20,ice,ice,-0.639,29.073,27.973,0.3206,0.3206,10.923,0.086233125163705,0.13,0.841340202552738,1.20733069135397,1.179,7.78219009999999,0.000167610047553681,0.164801705811265,0.255046874919697,0.0575401340599315,0.196249968831223,0.00368525973393221,0.00266800953486313,0.0678284112026679,0.0804785743487248,0.0525245749678909,0.000137287565435459,0.00223353420952313,0.000228556288499747,0.0016966399358335,0.0229291652448048,0.00036,0.000372068376627495,0.133267555386084,0.00191553933293592,8.91136000000001e-05,4.3766874836295,0.13
SalinityOnly,21,ice,ice,-0.696,29.076,27.976,0.3917,0.3917,9.585,0.0846679069294873,0.132,0.812716096368513,1.1628772470778,1.176,7.7927912,0.000107590117203354,0.159194816336389,0.174891534503705,0.0466348857211512,0.126905397748004,0.00369067565852289,0.00267046996127459,0.0587754767360324,0.0805968471222351,0.052573012895047,0.000119420172284338,0.00196789003162257,0.000217340559507834,0.00147512876142494,0.0201785093453365,0.00036,0.000353810213152288,0.133241002734431,0.00224032703443567,0.0001308736,4.73320930705127,0.132
SalinityOnly,22,ice,ice,-0.692,29.291,28.191,0.4925,0.4925,10.108,0.0914435169575778,0.129,0.805049470924109,1.16911463405947,1.166,8.55253669999999,0.000113631541084593,0.157693077863391,0.185555444325286,0.0547286641501777,0.129774464864132,0.00408162075197209,0.00283848326092973,0.0663857541475649,0.0891342925239055,0.0558806574285558,9.34504434595322e-05,0.00160740731140689,0.000226480111633942,0.00111523680301796,0.0152952909508085,0.00036,0.000368688553822697,0.131335754231803,0.00141048941851575,7.12336000000001e-05,3.75564830424222,0.129
SalinityOnly,23,ice,ice,-0.643,29.719,28.619,0.4289,0.4289,10.268,0.0991011282700107,0.12,0.775153637920391,1.20102571083084,1.153,10.0649603,0.000122271772820636,0.15183708255886,0.243161359654046,0.108040707655818,0.13446524523905,0.00487633734121921,0.00312411094891851,0.0895178292792383,0.10648928585721,0.0615037531164209,9.35866103995289e-05,0.00170187219666498,0.000299487883878321,0.00104384575774094,0.0140164811397465,0.00036,0.000487538415615872,0.12752991633778,0.000436762839586546,3.13600000000006e-07,2.08988717299893,0.12
SalinityOnly,24,ice,ice,-0.664,29.884,28.784,0.4599,0.4599,8.633,0.102539222102914,0.135,0.73317714720386,1.16328539731503,1.145,10.6480208,7.12904329490578e-05,0.143614728209139,0.175265175634734,0.0978082315644838,0.0770446336937635,0.00518856495652638,0.00321686145923046,0.0669980550026221,0.113307701699344,0.0633297140316769,8.30399434900536e-05,0.00155038517049014,0.000314370309397285,0.000903899793309613,0.0120662301205624,0.00036,0.000511765619949069,0.126058273381328,0.00105370210168394,0.0002085136,3.24607778970859,0.135
SalinityOnly,25,ice,ice,-0.674,29.97,28.87,0.4796,0.4796,7.134,0.105691860564593,0.144,0.707405737764541,1.13406614656222,1.137,10.951919,3.98241763286551e-05,0.138566624928357,0.122721321477372,0.0802130951587642,0.0423444004313788,0.00535259307990889,0.00326137363162247,0.0425038673177097,0.116889742173012,0.0642060163481555,7.57724038589525e-05,0.00144534872266308,0.000319556191094706,0.000814844118113054,0.0109588168651703,0.00036,0.00052020775294487,0.125290291683105,0.0014675135470026,0.000549433599999999,3.83081394354072,0.144
SalinityOnly,26,ice,ice,-0.659,29.912,28.812,0.3382,0.3382,8.166,0.10053594628592,0.133,0.720961192077578,1.16868765209404,1.145,10.7469644,6.60694683114039e-05,0.141221867108698,0.185601068025737,0.112895880671795,0.0721340605120308,0.00524187231178737,0.00323164197940692,0.066084382369406,0.114471825876049,0.0636206952031937,9.27821423868979e-05,0.00178844680426449,0.000345618115054351,0.00100591546730488,0.0137977224830225,0.00036,0.000562634140786153,0.125808303083128,0.00105391478355064,0.0001547536,3.24640537140796,0.133
SalinityOnly,27,ice,ice,-0.706,29.946,28.846,0.5303,0.5303,7.303,0.106497302628652,0.128,0.711783527896655,1.13125839475993,1.131,10.8671102,4.10283629140228e-05,0.139424146391455,0.117415424773935,0.073872528920486,0.0434420792480153,0.00530672877535276,0.0032492156812863,0.0429004868606312,0.115888159079645,0.0639666651893446,6.47402365166083e-05,0.00126434367521389,0.000297484877101258,0.000698537026614294,0.00965433510124063,0.00036,0.000484277706909024,0.125504676411955,0.000462365994243785,5.53536e-05,2.15026973713482,0.128
SalinityOnly,28,ice,ice,-0.557,30.083,28.983,0.6666,0.6666,6.711,0.116749159330748,0.159,0.709205137012331,1.11202016730724,1.14,11.3512271,2.87392501924148e-05,0.138919091225072,0.0821710957349336,0.0541256229068355,0.0288009612188271,0.00556946360964751,0.00331587015210262,0.0304172187745259,0.121625753285312,0.0652788785467517,4.4766723587231e-05,0.000890370978910128,0.000262558387833973,0.000474128099990143,0.00654522633935242,0.00036,0.000427420631357631,0.124280235421752,0.0017851335372585,0.0014776336,4.22508406692518,0.159
SalinityOnly,29,ice,ice,-0.553,30.759,29.659,0.7139,0.7139,2.476,0.177315657654413,0.141,0.777017784723637,1.07586000277392,1.149,13.7400083,1.57791162415739e-06,0.152202231605733,0.0170250554659095,0.0229544840827208,0.00105289514543575,0.00689875497670349,0.00354723726363542,0.00114067133159303,0.150654772089527,0.0698337570192653,2.80266493837126e-05,0.00062478990673046,0.000305314125509482,0.000276629934124205,0.00415752583133309,0.00036,0.000497022995015436,0.118215915357792,0.00131882699087256,0.000417793599999999,-3.63156576544135,0.141
SalinityOnly,30,ice,ice,-0.531,30.494,29.394,0.749,0.749,2.213,0.166166002756304,0.156,0.761778892683514,1.07261466139735,1.152,12.8035778,1.02063546538116e-06,0.149217237669551,0.0110158986858573,0.0157338499582456,0.000743960015992575,0.00637114157689929,0.00347586599899596,0.00081476317661092,0.139132768950221,0.0684286850766342,2.45903794553186e-05,0.000555320643262744,0.000251668576493699,0.000248345280509539,0.00375544614580747,0.00036,0.000409693031501371,0.120597546244246,0.000103347612041178,0.0012559936,-1.01660027563039,0.156
SalinityOnly,31,ice,ice,-0.692,30.447,29.347,0.8261,0.8261,1.922,0.163729754950276,0.159,0.751591612420109,1.0698299816251,1.153,12.6374939,6.19152009444959e-07,0.147221753369748,0.00561249158672698,0.0103193943078241,0.000459651400711036,0.00627844208237402,0.0034606055166356,0.000525467611139769,0.137108400601485,0.0681282549847215,1.718997240461e-05,0.000394241127601625,0.000193531577999656,0.000174431024193615,0.00268606725646478,0.00036,0.000315051406045952,0.12101937432721,2.23705818896616e-05,0.0014776336,-0.472975495027614,0.159
SalinityOnly,32,ice,ice,-0.639,30.121,29.021,0.7247,0.7247,3.424,0.134860174907894,0.162,0.717085811315578,1.07857240754803,1.155,11.4855077,3.6488182528673e-06,0.140462757585217,0.0218362155492025,0.020824523659896,0.0032912717621793,0.00564273677775319,0.00333317818569477,0.00371959889236073,0.123225890190959,0.0656196183739818,2.58111783537914e-05,0.00059564557728378,0.000223687898072895,0.000272022025293652,0.00433694071123529,0.00036,0.000364143089886107,0.123940327549139,0.000736570106030093,0.0017172736,2.71398250921057,0.162
SalinityOnly,33,ice,ice,-0.619,30.007,28.907,0.7524,0.7524,4.146,0.125395782480758,0.17,0.702877631805764,1.08099784932967,1.141,11.0826659,6.25513048013458e-06,0.137679659603466,0.0260434305741058,0.0215040847671644,0.00596951841576322,0.00542343556643383,0.00327971662515322,0.00681615155765263,0.118436797938539,0.0645671312265891,2.28722058278011e-05,0.000533816657158352,0.00019747494730394,0.000244716702495437,0.00400500803578094,0.00036,0.000321470844448274,0.124959685065368,0.00198953622050382,0.0024443136,4.46042175192416,0.17
SalinityOnly,34,ice,ice,-0.624,29.948,28.848,0.7841,0.7841,6.587,0.119711707248381,0.175,0.719134795337961,1.09629769736022,1.139,10.8741776,2.42848277671461e-05,0.140864112543703,0.0533354716337477,0.0303453236573807,0.0239391856990348,0.00531054816858887,0.00325023665178173,0.0245097389440369,0.115971566856765,0.0639867648331526,1.97867016248974e-05,0.000466190805005381,0.000175113075967321,0.000213435672462309,0.00355764426647855,0.00036,0.000285067798086337,0.125486812911433,0.00305679531538874,0.0029637136,5.52882927516191,0.175
SalinityOnly,35,ice,ice,-0.474,29.88,28.78,0.886,0.886,6.972,0.125830142932888,0.149,0.744760982535824,1.08596922566029,1.136,10.633886,2.60371502909896e-05,0.145883769694084,0.0342626184444232,0.0108781687329893,0.0247857513443762,0.00518095727720545,0.00321472724226109,0.0229773180137519,0.113141565461995,0.0632876981251591,1.15187421755606e-05,0.00027170052296929,0.000111476389500367,0.000125454970394018,0.00211725926435598,0.00036,0.000181473192209901,0.12609397785999,0.000536842276510379,0.0008088336,2.31698570671116,0.149
SalinityOnly,36,ice,ice,-0.462,29.772,28.672,0.8792,0.8792,6.844,0.119955384026513,0.156,0.737433628035046,1.08509605480229,1.13,10.2522464,2.47091987656099e-05,0.144448487608255,0.0327313086095386,0.00931431406873928,0.0243242258857138,0.00497627353573675,0.00315495690286482,0.0227011405795081,0.108671689009573,0.0621110112987244,1.22353282269632e-05,0.000286954232777113,0.000109859977440833,0.000135386239693273,0.00231854962890509,0.00036,0.000178841823740891,0.127057469024997,0.00129921434067618,0.0012559936,3.60446159734874,0.156
SalinityOnly,37,ice,ice,-0.678,30.229,29.129,0.774,0.774,6.868,0.130729523601038,0.134,0.722586462499013,1.10462252363541,1.127,11.8671473,2.85700686083336e-05,0.141540225053611,0.0683292987095829,0.0439137164496417,0.0264229982939708,0.00585193009901606,0.00337957134746727,0.0283467964636277,0.127794246690637,0.0665329513556206,1.89268245015852e-05,0.000459468926812385,0.000202878659327557,0.000196800287638189,0.00326273644226812,0.00036,0.000330267584951836,0.122973614977718,1.06960158761694e-05,0.0001806336,0.32704763989623,0.134
SalinityOnly,38,ice,ice,-0.404,30.77,29.67,0.7667,0.7667,7.241,0.14954069467869,0.087,0.729425949935008,1.11938813499018,1.119,13.778879,3.76755297478039e-05,0.142879943746367,0.0948677577480165,0.0682082018745672,0.0309256125975268,0.00692083752818665,0.00354966109468029,0.0361062837560152,0.151137010083496,0.0698814745006919,1.74225011960281e-05,0.000435560197235242,0.000257031668602752,0.000171825560828295,0.00290465129013825,0.00036,0.000418423646562619,0.118116938172869,0.00391133849089316,0.0011262736,-6.25406946786902,0.087
SalinityOnly,39,ice,ice,-0.554,30.937,29.837,0.7006,0.7006,8.011,0.145819853674626,0.152,0.731127119329195,1.14538896627418,1.123,14.3690069,5.74082828116507e-05,0.143213168780883,0.141879629213447,0.0976723720630631,0.0483041087541074,0.00725786906206259,0.00358118426510444,0.0545339810400043,0.1584970930397,0.070502064909584,2.06320557445029e-05,0.000524080216484437,0.000317826696161688,0.000201298873670658,0.00362549435447717,0.00036,0.000517392296077167,0.116613163152527,3.81942086030293e-05,0.0009884736,0.618014632537364,0.152
SalinityOnly,40,ice,ice,-0.39,31.104,30.004,0.8334,0.8334,6.007,0.168918479104268,0.155,0.760840455473086,1.0973527854983,1.128,14.9591348,2.29241953081225e-05,0.149033416603345,0.0549696338470217,0.0453651053006699,0.0163609942986209,0.00759823731648609,0.00360280941720243,0.0184065878431236,0.16593004318358,0.070927794993274,1.16299907742288e-05,0.000299867649892437,0.000230709530843845,0.000112577589305063,0.00216563747191581,0.00036,0.000375573654862074,0.115107318434569,0.000193724060575934,0.0011861136,-1.39184791042676,0.155
SalinityOnly,41,ice,ice,-0.67,31.002,29.902,0.6199,0.6199,5.029,0.15609461736426,0.164,0.717938834121178,1.10962214068186,1.126,14.5986974,1.56340478705657e-05,0.140629847679132,0.0781130619939843,0.0710899505945954,0.0122665328460569,0.00738995110778498,0.00359077775919799,0.0158713432268779,0.161381496176588,0.0706909301265692,2.40102946150884e-05,0.000624194826555279,0.000371481971845862,0.000233459166109525,0.00438783287176023,0.00036,0.000604738093702567,0.116027299223491,6.24950746174675e-05,0.0018870336,0.79053826357405,0.164
SalinityOnly,42,ice,ice,-0.651,31.005,29.905,0.6199,0.6199,5.322,0.153626490455518,0.171,0.713842835971289,1.11381516021126,1.127,14.6092985,1.85433484270693e-05,0.139827523625136,0.0856383318988837,0.0758271873965229,0.0148022315006964,0.00739605940577768,0.00359118433527227,0.01920056304494,0.161514888976456,0.0706989343091685,2.39689609534076e-05,0.000623452095234065,0.000371879691567622,0.000233022966238513,0.00438595405211799,0.00036,0.000605385544412408,0.116000251828644,0.00030183883389222,0.0025441936,1.73735095444824,0.171
SalinityOnly,43,ice,ice,-0.656,31.007,29.907,0.6199,0.6199,6.559,0.145954544134196,0.162,0.708451710283047,1.13337370710951,1.125,14.6163659,3.47441992084205e-05,0.138771510009039,0.120740325420519,0.0957275475629275,0.0292083666130659,0.00740013220265393,0.00359145361145041,0.0369022778465937,0.161603830573488,0.0707042354959226,2.39551304141072e-05,0.000623184165254679,0.000372116080052865,0.000232865779134451,0.00438630261341902,0.00036,0.000605770362876757,0.115982219864619,0.00025745665394146,0.0017172736,1.60454558658039,0.162
SalinityOnly,44,ice,ice,-0.657,31.013,29.913,0.609,0.609,8.834,0.139341257672019,0.174,0.731220647832545,1.18202381481172,1.134,14.6375681,8.58629559517768e-05,0.143231489142667,0.20811070016087,0.136302644458929,0.0753219166445506,0.007412353464712,0.0035922529222022,0.0815242639944309,0.161870718070757,0.070719971368286,2.45296776499194e-05,0.000638615074837248,0.000378989006024369,0.000238381699120612,0.00450181035988317,0.00036,0.000616958847016415,0.115928122209651,0.00120122841975735,0.0028558336,3.46587423279805,0.174
SalinityOnly,45,ice,ice,-0.644,31.013,29.913,0.609,0.609,10.544,0.138355988978853,0.174,0.761655640098596,1.22723287011257,1.125,14.6375681,0.000145953926159886,0.149193094955131,0.289248014427872,0.163828348811693,0.128830867866226,0.007412353464712,0.0035922529222022,0.116602569904713,0.161870718070757,0.070719971368286,2.44989549972997e-05,0.000638104781262831,0.000378961236168389,0.000238083133512148,0.00449821313051855,0.00036,0.000616913640274121,0.115928122209651,0.00127049552167565,0.0028558336,3.5644011021147,0.174
SalinityOnly,46,ice,ice,-0.646,31.013,29.913,0.609,0.609,10.055,0.138454682207865,0.167,0.752570727337922,1.21345790218528,1.123,14.6375681,0.000126580409083907,0.147413542384645,0.264525889749595,0.156286229944018,0.111661145258496,0.007412353464712,0.0035922529222022,0.106814276575624,0.161870718070757,0.070719971368286,2.44494801180275e-05,0.00063728197587312,0.000378833519562471,0.000237602332013122,0.00449241290128262,0.00036,0.000616705729520302,0.115928122209651,0.000814835167853989,0.0021566736,2.85453177921352,0.167
SalinityOnly,47,ice,ice,-0.658,31.012,29.912,0.609,0.609,10.723,0.13837830333313,0.167,0.765042552733214,1.23237801375959,1.126,14.6340344,0.000153502031825912,0.149856523349406,0.298482074601408,0.166420050648268,0.135474504339855,0.0074103162885951,0.00359212059101259,0.120060681664762,0.161826230289319,0.0707173661903815,2.43847273073761e-05,0.000636222729804387,0.000378485719677808,0.00023698446028653,0.00448379759445187,0.00036,0.000616139543661548,0.115937138669053,0.00081920152009034,0.0021566736,2.86216966668704,0.167
SalinityOnly,48,ice,ice,-0.678,31.015,29.915,0.6242,0.6242,10.419,0.139626954831582,0.174,0.761721298330977,1.21947765404739,1.128,14.6446355,0.000139303211913383,0.14920595608867,0.275249638193487,0.156813934211857,0.121981485244058,0.00741642817587448,0.00359251651985859,0.111244065680115,0.161959701471905,0.0707251607631077,2.34657345518083e-05,0.000612528009583646,0.000370128730004267,0.000228020329563602,0.00432012873815365,0.00036,0.000602535141867412,0.115910089070644,0.00118150623415012,0.0028558336,3.43730451684182,0.174
SalinityOnly,49,ice,ice,-0.677,31.033,29.933,0.6242,0.6242,9.488,0.14037513733523,0.166,0.745708844594217,1.19530087791368,1.135,14.7082421,0.000105988921248027,0.146069436899363,0.231859245050564,0.143131517791677,0.0923712270411654,0.0074531221120569,0.00359482501539633,0.093036305868772,0.162761022378546,0.0707706076572625,2.33518751879846e-05,0.000610285467159512,0.000372424879464208,0.000226722458988096,0.00432439179194269,0.00036,0.000606273059592897,0.115747777620433,0.000656633586588343,0.0020647936,2.56248626647704,0.166
SalinityOnly,50,ice,ice,-0.814,30.948,29.848,0.6494,0.6494,9.42,0.140880338696848,0.169,0.745295259370998,1.18519515718599,1.123,14.4078776,9.8459116413646e-05,0.145988423832262,0.213589765235002,0.131658807293082,0.085533843543432,0.00728018587432355,0.00358291318704957,0.0866281562387848,0.158984446812416,0.0705361018532808,2.19953484376601e-05,0.000575393418373869,0.000345646732117578,0.000214469175922732,0.00399101471842331,0.00036,0.000562680726703034,0.116514038908608,0.000790715351803979,0.0023464336,2.81196613031519,0.169
SalinityOnly,51,ice,ice,-0.732,31.047,29.947,0.748,0.748,8.618,0.152900273688541,0.18,0.758038248515514,1.14778203428432,1.115,14.7577139,7.19730008997469e-05,0.14848452034801,0.145925080225241,0.0931574589372212,0.0577414550664299,0.00748168864020606,0.00359654101262112,0.0587872604040558,0.163384857230231,0.0708043901545514,1.64721154705352e-05,0.000427775073720594,0.000293800513955449,0.000159825953530448,0.00304228911833857,0.00036,0.000478279906439104,0.115621518982198,0.000734395166155983,0.0035331136,2.7099726311459,0.18
SalinityOnly,52,ice,ice,-0.55,31.057,29.957,0.8252,0.8252,9.551,0.162344831962349,0.169,0.796838060684778,1.14243709900234,1.129,14.7930509,9.133659876675e-05,0.156084626953222,0.135926221092438,0.0734010686621731,0.0685066448773339,0.00750210766031648,0.00359772413601137,0.0570710694935835,0.163830767083736,0.0708276820702644,1.23680080984187e-05,0.000316980429959234,0.000234434915481951,0.000119951835628489,0.00226030173646693,0.00036,0.000381638234505502,0.115531325472759,4.42912616093701e-05,0.0023464336,0.66551680376509,0.169
SalinityOnly,53,ice,ice,-0.821,30.718,29.618,0.8231,0.8231,10.699,0.154990254201554,0.172,0.802174679860621,1.15573315043272,1.133,13.5951266,0.000114625067291361,0.157129963834516,0.159799878039295,0.0738965622266029,0.0906351708888075,0.00681657482413199,0.00353782465277444,0.0685964269290272,0.148860124765807,0.0696484528146323,1.34714411416497e-05,0.000339216957119829,0.00020874761787339,0.000133381194345908,0.00223962318065577,0.00036,0.000339821703514821,0.118584749034407,0.000289331452127753,0.0026460736,1.70097457984461,0.172
SalinityOnly,54,ice,ice,-0.78,30.347,29.247,0.8425,0.8425,10.071,0.14492627070051,0.176,0.797735774407229,1.13156125725388,1.155,12.2841239,8.62389879054822e-05,0.156260471103235,0.116316164657864,0.0466767291086869,0.0729887344645416,0.00608208849053743,0.00342552783429949,0.0535028547310848,0.132820437668029,0.0674376876042501,1.3064204531981e-05,0.00032352932444188,0.000167080606598126,0.000133993571462757,0.00224329207917321,0.00036,0.00027199168515974,0.121916293156413,0.00096557665257801,0.0030735936,3.10737292994904,0.176
SalinityOnly,55,ice,ice,-0.666,30.371,29.271,0.8649,0.8649,11.534,0.152499966030233,0.178,0.829610943049759,1.14501129897346,1.182,12.3689327,0.000127143381131146,0.16250417864196,0.140337269904574,0.042103613408554,0.102284157147032,0.00612910423826291,0.00343427015380017,0.0588301987827066,0.133847165937422,0.0676097959157111,1.16997967540339e-05,0.000287628561644444,0.000153282843056659,0.000119682165383345,0.00198555789907136,0.00036,0.000249530209627119,0.121701106017486,0.000650251732459258,0.0032993536,2.55000339697667,0.178
SalinityOnly,56,ice,ice,-0.651,30.197,29.097,0.8151,0.8151,13.073,0.14106144721018,0.173,0.839793738310679,1.18874398713848,1.214,11.7540689,0.000188928155609597,0.164498784419545,0.219086977762636,0.0580158341350238,0.163937326343753,0.00578980140696222,0.00336625679311397,0.07790086341449,0.126437482466774,0.0662708303627397,1.60035712041047e-05,0.000387485587814843,0.000175833356442371,0.000167054700326353,0.00277114287896915,0.00036,0.000286240347696883,0.123260149315467,0.00102007115430813,0.0027499536,3.19385527898202,0.173
SalinityOnly,57,ice,ice,-0.387,30.041,28.941,0.76,0.76,10.123,0.123683086667799,0.192,0.779884007284346,1.1476142858551,1.143,11.2028117,9.0388380385645e-05,0.152763667236416,0.14556087522426,0.0597515687118407,0.0871171484257865,0.00548867847653258,0.00329614397545337,0.0640600022504865,0.119861570348137,0.0648905332163829,2.28403120057392e-05,0.000527360424443335,0.000198203808479177,0.000243255109668458,0.00391981717746476,0.00036,0.000322657362640521,0.124655781345339,0.00466720064723947,0.0051036736,6.83169133322011,0.192
SalinityOnly,58,ice,ice,-0.38,30.099,28.999,0.76,0.76,11.481,0.127322293760895,0.219,0.803793214589395,1.17422192455219,1.118,11.4077663,0.000132541323520378,0.157447002392055,0.193313970892858,0.069874105729219,0.125077623312522,0.00560029441275397,0.00332322020893335,0.0782569637824751,0.122299035295041,0.0654235776589473,2.265891301132e-05,0.000524478785413167,0.000203495786125068,0.00023948116564546,0.00383980486231552,0.00036,0.000331272209971042,0.124137131119882,0.00840480182126359,0.0096904336,9.16777062391048,0.219
SalinityOnly,59,ice,ice,-0.429,30.069,28.969,0.7569,0.7569,10.822,0.125281125712757,0.196,0.792231544553961,1.16143284649955,1.122,11.3017553,0.000111078408410662,0.15518230264505,0.170377548703458,0.0657533374688588,0.106076935984578,0.00554251178193618,0.0033093643217777,0.0719380431317639,0.121037180205828,0.0651507995544676,2.30761547803553e-05,0.000532897634953526,0.000202389531369685,0.00024485255230833,0.00393164621306452,0.00036,0.000329471330136696,0.124405433975896,0.00500115918045488,0.0056911936,7.0718874287243,0.196
SalinityOnly,60,ice,ice,-0.444,30.078,28.978,0.79559,0.79559,9.798,0.128265751714294,0.185,0.780690626115639,1.1349099458133,1.128,11.3335586,7.96930484860466e-05,0.152921667720564,0.122572944845719,0.0494868390211785,0.0747896397136439,0.00555983526492845,0.00331355462669351,0.056161993495745,0.121415489827029,0.0652332932569123,2.00287602668058e-05,0.000460306498675274,0.000182400298757916,0.000212265685748628,0.0033881386789776,0.00036,0.000296930718908235,0.124324951090673,0.00321877492854409,0.0041525136,5.67342482857056,0.185
SalinityOnly,61,ice,ice,-0.431,30.348,29.248,0.85288,0.85288,11.359,0.148180500430493,0.191,0.821926775903066,1.14709466808888,1.127,12.2876576,0.000121888793738312,0.160999004100589,0.144139570978201,0.0468107084810724,0.100967973750198,0.00608404610413276,0.00342589617904953,0.0610325309130592,0.132863187965878,0.0674449391343457,1.51001142909177e-05,0.000345472380681539,0.000166855298398401,0.000154857734980352,0.00239499288974083,0.00036,0.000271624904369491,0.121907327955568,0.001833509543383,0.0049617936,4.28194995695068,0.191
SalinityOnly,62,ice,ice,-0.509,30.42,29.32,0.76806,0.76806,10.656,0.136851165362866,0.175,0.784483266116818,1.16548583560818,1.123,12.542084,0.000110344559453456,0.153664569985101,0.17759277961985,0.0819715104614522,0.0983172254142338,0.00622530870451047,0.00345148430385418,0.0756925857178567,0.135948075737156,0.0679486874763316,2.29954493339803e-05,0.000519571049543478,0.000232144464898194,0.000233997022269111,0.00355595936541959,0.00036,0.000377909594020316,0.121261621508856,0.00145533358417142,0.0029637136,3.81488346371343,0.175
SalinityOnly,63,ice,ice,-0.193,30.537,29.437,0.7542,0.7542,9.941,0.137700002786742,0.166,0.764608455054893,1.1601333762169,1.122,12.9555269,9.23402817498796e-05,0.149771492302918,0.168059579019514,0.0890962206815093,0.0818419992325223,0.0064561832617329,0.00348914097067541,0.0724216997128367,0.140989906316308,0.0686900268132594,2.46253248194326e-05,0.000551003632641876,0.000254766506599758,0.000247664805891344,0.0037024786598179,0.00036,0.000414736173534489,0.120211465165335,0.000800889842270402,0.0020647936,2.82999972132578,0.166
SalinityOnly,64,ice,ice,-0.552,30.549,29.449,0.70175,0.70175,9.069,0.133937054156329,0.181,0.739751961816335,1.15585657991686,1.116,12.9979313,7.4124212054612e-05,0.144902602793333,0.160659948244968,0.0959590104753619,0.0672391345218219,0.00647995530709584,0.00349272849442359,0.0672501528518055,0.14150903941907,0.068760653682316,2.92502595440051e-05,0.000654968917267112,0.000287088458894658,0.000293846334278389,0.00439352612295169,0.00036,0.00046735330517735,0.120103695604259,0.00221492087148427,0.0036529936,4.70629458436706,0.181
SalinityOnly,65,ice,ice,-0.471,30.502,29.402,0.71299,0.71299,10.023,0.133268487650894,0.16,0.759109367451876,1.17073707890384,1.113,12.8318474,9.7927896897294e-05,0.148694331108631,0.187307039316413,0.100550757124706,0.0891937930024075,0.006386946535701,0.00347838544823423,0.079468186300064,0.139477917092776,0.0684782849744847,2.86579958677061e-05,0.000638829268199261,0.000275843835425244,0.000289197564972706,0.00431491677186473,0.00036,0.000449048104180629,0.120525728264271,0.00071457375247042,0.0015555136,2.67315123491063,0.16
SalinityOnly,66,ice,ice,-0.602,30.852,29.752,0.60418,0.60418,9.532,0.134186220851115,0.154,0.737036888987053,1.19543854665953,1.114,14.0686424,0.00010183009139933,0.144370774369695,0.232211667260081,0.142807329585396,0.0922312474689577,0.00708590911030823,0.00356637639066276,0.0937544695766891,0.154741837572944,0.0702105452200686,3.78185670297714e-05,0.000840240174187015,0.000382432771209981,0.00037087897155061,0.00570039180949137,0.00036,0.000622564976388342,0.117378819382913,0.000392585844160787,0.0011182336,1.98137791488849,0.154
SalinityOnly,67,ice,ice,-0.658,30.693,29.593,0.4836,0.4836,9.593,0.124782934921155,0.134,0.720162502921586,1.21784952432328,1.102,13.5067841,0.000108842635241846,0.141065419889225,0.273067455399328,0.170600918689912,0.104241641968847,0.00676656368038693,0.00353179245713001,0.109297276728339,0.14776798314195,0.0695296981744383,5.16897260836035e-05,0.00112598239016251,0.000416329748675466,0.000512795563071738,0.00741548804153514,0.00036,0.000677746102494944,0.118809584472481,8.49542886676585e-05,0.0001806336,0.921706507884471,0.134
SalinityOnly,68,ice,ice,-0.471,30.442,29.342,0.58223,0.58223,8.582,0.122492341159875,0.138,0.714979422765193,1.16487944779473,1.08,12.6198254,6.77491099723697e-05,0.140050158228676,0.177482333569361,0.113148750355546,0.0657432526283599,0.00626859598759592,0.00345893592307609,0.0697693262004836,0.136893381924959,0.0680953860271948,4.48738332065829e-05,0.000961968901640161,0.000338899913458781,0.000455580960968129,0.00655953336449719,0.00036,0.000551697533537551,0.121064239309659,0.000240487482701715,0.0003041536,1.55076588401253,0.138
SalinityOnly,69,ice,ice,-0.37,30.138,29.038,0.63443,0.63443,7.64,0.11631065809604,0.153,0.713356908881981,1.13095253175986,1.103,11.5455806,4.36845125455649e-05,0.139732340234428,0.116318551103067,0.0731712967117986,0.0438842282734012,0.00567557281232503,0.00334075533404689,0.0453377998473253,0.123942962375933,0.0657687881919541,4.18263663633245e-05,0.000883050039948426,0.000277240151645235,0.000439846732127644,0.00640291628433636,0.00036,0.000451321177096895,0.123788224261878,0.00134610780934567,0.0010523536,3.668934190396,0.153
SalinityOnly,70,ice,ice,-0.359,30.097,28.997,0.631,0.631,7.758,0.114739942194182,0.169,0.715741955157468,1.13224832698478,1.118,11.4006989,4.56706690172002e-05,0.140199523061834,0.118662181468831,0.0729795840993438,0.0462760958932419,0.00559643888736521,0.00332230642053605,0.0468602363975116,0.122214838465223,0.0654055880878638,4.23941712483072e-05,0.000893828483906413,0.000273623557710998,0.000448179032122733,0.0065471945150335,0.00036,0.0004454336985993,0.124155020336554,0.00294415387309071,0.0023464336,5.4260057805818,0.169
SalinityOnly,71,ice,ice,-0.363,30.1,29,0.631,0.631,8.196,0.114740048206876,0.165,0.722633460596699,1.13967418628014,1.107,11.4113,5.38700552400747e-05,0.141549431040256,0.131989473431481,0.077999683411956,0.0545841445639658,0.00560222235491269,0.00332367657077059,0.0534365408889414,0.122341137629086,0.0654325619639955,4.23774041063746e-05,0.000893580744444398,0.000273983440714256,0.000447826861027233,0.00654041493963821,0.00036,0.000446019554651114,0.124128186385344,0.00252606275424711,0.0019749136,5.02599517931236,0.165
SalinityOnly,72,ice,ice,-0.36,30.107,29.007,0.631,0.631,7.436,0.115247156410176,0.16,0.710895185680635,1.12739494252448,1.116,11.4360359,4.02568098723464e-05,0.139250137931975,0.109951745526431,0.0699126719512252,0.0406775717052439,0.0056157213000246,0.00332686116621819,0.042270650781222,0.122635927124604,0.0654952564634506,4.23113886906276e-05,0.000892659424455041,0.000274827669091569,0.000446723089910425,0.00652217795324578,0.00036,0.000447393879916508,0.124065570889019,0.0020028170093753,0.0015555136,4.47528435898245,0.16
SalinityOnly,73,ice,ice,-0.362,30.103,29.003,0.67753,0.67753,6.754,0.118137225902038,0.153,0.707739068026731,1.11235231943472,1.114,11.4219011,2.89980305407408e-05,0.138631917654938,0.0827096995409132,0.0547492663516606,0.0288377458458813,0.00560800689924617,0.00332504352683665,0.0309014315460695,0.122467460307764,0.0654594729571652,3.72745554036714e-05,0.000787173215411097,0.000253878020918355,0.000393748522481683,0.0057572271317693,0.00036,0.000413289801494996,0.124101351677075,0.00121541301780556,0.0010523536,3.48627740979624,0.153
SalinityOnly,74,ice,ice,-0.352,30.104,29.004,0.67753,0.67753,5.835,0.11984342381542,0.157,0.701164044529243,1.10155524698421,1.112,11.4254348,1.86974995007219e-05,0.137344002154351,0.0633320448929436,0.0459336818410999,0.0184177641695092,0.00560993531997644,0.00332549846904345,0.0205329826247382,0.122509573092838,0.0654684293142302,3.72145729364765e-05,0.000786399515281891,0.000253953197294331,0.000393063867790632,0.00575012196597248,0.00036,0.000413412181641934,0.124092406606145,0.0013806111537605,0.0013278736,3.715657618458,0.157
SalinityOnly,75,ice,ice,-0.356,30.109,29.009,0.67753,0.67753,5.199,0.122007633725888,0.156,0.700930702839475,1.09507525101037,1.12,11.4431033,1.32331484370316e-05,0.137298295187783,0.0517023068619259,0.0400269275849799,0.0128768173107294,0.00561957921827116,0.00332776785646331,0.0145474873101396,0.122720176209567,0.0655131062946187,3.71872428738878e-05,0.000785999183559969,0.000254512034674859,0.000392520741609027,0.00573999584665678,0.00036,0.000414321916912562,0.124047679990786,0.0011554809649134,0.0012559936,3.39923662741122,0.156
SalinityOnly,76,ice,ice,-0.344,30.103,29.003,0.67753,0.67753,4.189,0.126312437965613,0.155,0.708375285898416,1.08598597662513,1.118,11.4219011,6.91664086464193e-06,0.138756540001765,0.0353896609252501,0.0303800916387313,0.00656576870394162,0.00560800689924617,0.00332504352683665,0.00734887172592925,0.122467460307764,0.0654594729571652,3.72033437060173e-05,0.000786266943701277,0.000253839538640035,0.000392996280089224,0.00575059884211921,0.00036,0.000413227155925638,0.124101351677075,0.000822976215476775,0.0011861136,2.86875620343865,0.155
SalinityOnly,77,ice,ice,-0.407,30.102,29.002,0.67753,0.67753,2.888,0.134637174628096,0.156,0.731776650061468,1.07650462025988,1.107,11.4183674,2.26846703319136e-06,0.143340398850635,0.018373340058448,0.0185711195632264,0.00204897768105936,0.00560607859815878,0.00332458822972224,0.00214760058196366,0.122425350135447,0.0654505096131044,3.71807370642225e-05,0.000785989452536271,0.000253544059177375,0.000392808494961972,0.00575001704282796,0.00036,0.000412746142846889,0.124110296663927,0.000456370307870483,0.0012559936,2.13628253719044,0.156
SalinityOnly,78,ice,ice,-0.604,30.139,29.039,0.67939,0.67939,4.016,0.129363940385638,0.157,0.713207811960394,1.08467202535334,1.109,11.5491143,6.13128068562748e-06,0.139703135131743,0.0330217070685513,0.0291371015545596,0.00571680217013418,0.00567750542055644,0.00334119785448735,0.00636784814904259,0.123985166607512,0.065777500004167,3.71505347134266e-05,0.000783544432496863,0.000256843579190437,0.000390625860043072,0.00568003701099481,0.00036,0.00041811745449606,0.123779276256485,0.000763751791008547,0.0013278736,2.76360596143616,0.157
SalinityOnly,79,ice,ice,-0.103,30.256,29.156,0.71694,0.71694,6.056,0.12700965546615,0.134,0.70549103754589,1.10303617277962,1.114,11.9625572,2.04840051167436e-05,0.13819157347926,0.0657825054770728,0.0481204481772464,0.0193659132746869,0.00590444647849805,0.00339052281879177,0.0220563688009149,0.128941097565693,0.0667485508012282,3.35235366306596e-05,0.000702575921268051,0.000253542219680533,0.000347452162387701,0.00496036604747677,0.00036,0.000412743148317147,0.122731785944325,4.8864916701925e-05,0.0001806336,0.699034453384989,0.134
SalinityOnly,80,ice,ice,-0.56,29.591,28.491,0.71069,0.71069,6.395,0.0998605171748131,0.15,0.713765752957643,1.09506700142107,1.108,9.6126467,2.35666495727513e-05,0.13981242460562,0.0515130116753331,0.0251174953816644,0.0258178687562609,0.00463636794674943,0.00304550381039206,0.0244108875009807,0.101248842537453,0.059956229958579,3.89902226037075e-05,0.00077698707538301,0.000187889663887728,0.000443554199731946,0.00672733511387322,0.00036,0.000305866894700953,0.128669881202177,0.00251396773797721,0.0008667136,5.01394828251869,0.15
SalinityOnly,81,ice,ice,0.586,29.612,28.512,0.80582,0.80582,6.39,0.103464080263863,0.145,0.712373377146427,1.088318684317,1.114,9.68685439999999,2.12309408218092e-05,0.13953968605334,0.0389011353227056,0.0157417940586587,0.0228360277455116,0.00467560350674317,0.00305879903275602,0.0221377537548221,0.102105667336801,0.0602179703664169,2.80372343507988e-05,0.000553346575767238,0.000151047704529503,0.000317909086385367,0.00475008622442608,0.00036,0.000245891612024772,0.128482957467523,0.00172523262832681,0.000597313599999999,4.1535919736137,0.145
SalinityOnly,82,ice,ice,0.708,29.538,28.438,0.6517,0.6517,5.641,0.0940071449121469,0.15,0.695805827061762,1.09242630103351,1.118,9.42536059999999,1.67360167643733e-05,0.136294434600026,0.0470841185693327,0.0272309108807384,0.0188763742059165,0.00453757948647166,0.00301125322774615,0.0188225927379042,0.0990915035656413,0.0592819455257945,4.82995184741201e-05,0.000944793755509448,0.000207107751837122,0.000554053269596547,0.00836475598500319,0.00036,0.000337152154153454,0.129141461722583,0.00313519982088932,0.0008667136,5.59928550878531,0.15
SalinityOnly,83,ice,ice,-0.495,29.507,28.407,0.57457,0.57457,5.885,0.0926731389965001,0.157,0.709173599632646,1.09772652921807,1.133,9.3158159,2.06329021744147e-05,0.138912913683629,0.057002372915173,0.0325198122564841,0.0234238137668777,0.00447995333191748,0.00299075777837756,0.0218407930999808,0.0978330655996498,0.058878455675854,5.84111896956872e-05,0.00113983966104709,0.000224719527728551,0.000673342580588859,0.0102286124876016,0.00036,0.000365822486999967,0.129417172042097,0.00413794504656359,0.0013278736,6.43268610034999,0.157
SalinityOnly,84,ice,ice,-0.558,29.541,28.441,0.49666,0.49666,6.809,0.0927033022176767,0.15,0.723180584164856,1.11535787743625,1.109,9.43596169999999,3.39518547090758e-05,0.141656601596291,0.0890555626346488,0.0494478006729546,0.0385386934604585,0.00454316231289331,0.00301321855804212,0.0335867307103523,0.0992134211355519,0.0593206365938429,6.98511651238833e-05,0.00135335107265767,0.000250262655964087,0.000800897029311243,0.0119665082269896,0.00036,0.000407404323662468,0.129114775373224,0.00328291157675889,0.0008667136,5.72966977823233,0.15
SalinityOnly,85,ice,ice,-0.54,29.649,28.549,0.51332,0.51332,6.535,0.0965091261117926,0.145,0.713934274101658,1.11311028416218,1.109,9.81760129999999,2.95346169266181e-05,0.139845434524693,0.084934110295461,0.0512001049907193,0.0329032079591823,0.00474486120355269,0.00308184313248449,0.0305680243184257,0.103618114519447,0.0606716349909017,6.91201621547126e-05,0.00133105126252092,0.000261825410366826,0.000779256925703452,0.011258781243974,0.00036,0.000426227412225065,0.12815351809798,0.00235136485044203,0.000597313599999999,4.84908738882073,0.145
SalinityOnly,86,ice,ice,-0.454,29.803,28.703,0.6369,0.6369,5.732,0.105552858366557,0.125,0.702607189598794,1.09781722104606,1.116,10.3617911,1.80357142058663e-05,0.137626685388165,0.0568371552923044,0.0374681006445631,0.0191909436170849,0.00503488255662886,0.00317253678621997,0.0196774637012211,0.109951590776588,0.0624571029783636,5.32978560823936e-05,0.00102235810333394,0.000244007975264464,0.000587041542269108,0.0081720265589965,0.00036,0.000397222285314243,0.126781016373627,0.000378191317711176,1.97136e-05,1.94471416334426,0.125
SalinityOnly,87,ice,ice,0.235,29.964,28.864,0.65211,0.65211,5.058,0.113284284524253,0.151,0.697962397187855,1.09345171525574,1.121,10.9307168,1.21851503296428e-05,0.136716863522837,0.0489222861582712,0.0369194219278005,0.0124447523208382,0.00534112054305382,0.00325835330904935,0.0135743388115255,0.116639205310777,0.0641465558562247,5.11382513816681e-05,0.000981591001666281,0.000259917717466531,0.000550390393625849,0.00745557348091248,0.00036,0.000423121865643191,0.125343892509176,0.00142247519384749,0.0009265936,3.77157154757469,0.151
SalinityOnly,88,ice,ice,-0.435,29.916,28.816,0.64236,0.64236,4.666,0.112846779685498,0.137,0.702887350164345,1.08912127492266,1.115,10.7610992,9.7226695879696e-06,0.137681563235394,0.0412016902190138,0.0316456789497171,0.00995332801693095,0.00524949530539816,0.00323373076820224,0.0105942259165102,0.114638296546329,0.0636618167742521,5.29371728835547e-05,0.00101275112419995,0.000256536274278242,0.000573602963280351,0.00780368541517788,0.00036,0.00041761719068551,0.125772587487278,0.000583378051560897,0.0002702736,2.41532203145025,0.137
SalinityOnly,89,ice,ice,-0.434,29.92,28.82,0.64236,0.64236,4.353,0.114167240861093,0.134,0.705277683662766,1.08651213897984,1.123,10.775234,7.89589245860757e-06,0.138149781723947,0.0365190380036656,0.0289956101196345,0.00802556561574112,0.00525712021329518,0.00323581387847582,0.0085103198221082,0.114804809020726,0.0637028265533782,5.29039071269818e-05,0.00101235189122265,0.000257021307904249,0.000572917834185071,0.00779105547182791,0.00036,0.000418406780309243,0.12573687050578,0.000393338335061905,0.0001806336,1.98327591389072,0.134
SalinityOnly,90,ice,ice,-0.43,29.917,28.817,0.65386,0.65386,4.498,0.113727128103289,0.142,0.703662401243083,1.0871060117045,1.124,10.7646329,8.62620958482552e-06,0.137833380228662,0.0375243560026289,0.029202300575094,0.00878886775359836,0.00525140135290808,0.00323425207813205,0.00936640127202763,0.114679920745793,0.0636720796995273,5.13273390729557e-05,0.000982206174295648,0.000252037317299954,0.000556080726286077,0.00756600151433042,0.00036,0.000410293307232484,0.125763658371773,0.000799355285287847,0.000459673599999999,2.82728718967113,0.142
SalinityOnly,91,ice,ice,-0.429,29.931,28.831,0.65386,0.65386,4.318,0.115072349480815,0.141,0.705430293136788,1.08581120908193,1.116,10.8141047,7.6370733361088e-06,0.138179674865348,0.0352005559010353,0.0280524726479827,0.00772427695449926,0.00527809858055038,0.00324151315185036,0.00822559443425906,0.115262933877793,0.0638150270188232,5.12240602656903e-05,0.000980958767238601,0.000253708161006173,0.000553865146658122,0.00752424511727312,0.00036,0.000413013285358886,0.12563864166914,0.000672243061444995,0.000417793599999999,2.5927650519185,0.141
SalinityOnly,92,ice,ice,-0.425,29.954,28.854,0.65386,0.65386,4.462,0.115641386963886,0.152,0.704802402043963,1.08728262959769,1.107,10.8953798,8.43764743174209e-06,0.138056683567836,0.0378413345683209,0.0299611950933683,0.00850744547638784,0.00532200921972654,0.00325329104548537,0.00911407182059775,0.116221852894301,0.0640468960766779,5.10112680172178e-05,0.000978376477988648,0.000256430427114045,0.000549788562668908,0.00745302793701477,0.00036,0.000417444881348445,0.125433220342424,0.00132194874190987,0.0009884736,3.63586130361139,0.152
SalinityOnly,93,ice,ice,-0.47,29.997,28.897,0.65386,0.65386,7.174,0.112403798127278,0.16,0.715035902192938,1.11766832088544,1.033,11.0473289,3.5190570523476e-05,0.140061221418106,0.0923749532610203,0.0566415650490101,0.036111615020984,0.00540427279666403,0.00327480697186141,0.0362300881251367,0.118018322036435,0.064470475855226,5.06787598377244e-05,0.000974233355248658,0.000261475485374955,0.000542968464118982,0.00732984077534994,0.00036,0.000425657766889461,0.12504904975732,0.00226539843270892,0.0015555136,4.75962018727221,0.16
SalinityOnly,94,ice,ice,-0.471,29.726,28.626,0.67066,0.67066,7.906,0.104287969145444,0.136,0.737456017486303,1.1192850381639,1.027,10.0896962,4.59622233088248e-05,0.144452873253619,0.095188095611432,0.0456891227546819,0.049227654321179,0.00488951719874461,0.00312824208296111,0.0422218909790464,0.106777107129072,0.0615850819336112,5.14544628182877e-05,0.000965698145469408,0.000224092003667743,0.00057330417131104,0.0079329260512575,0.00036,0.000364800936203303,0.127467531983598,0.00100565290092034,0.0002383936,3.17120308545565,0.136
SalinityOnly,95,ice,ice,-0.43,28.946,27.846,0.5638,0.5638,7.131,0.0783676899020903,0.125,0.749901074984901,1.10163703998271,1.021,7.3334102,3.96848357631814e-05,0.146890610923191,0.064077292713182,0.0142679922947958,0.0481917099630498,0.00345697324498041,0.0025609217211269,0.0340119957436287,0.0754932619147723,0.0504163584014818,8.12795368086643e-05,0.00135757025696586,0.000168594076447975,0.00102458856729273,0.0146892850818959,0.00036,0.000274455473287402,0.134390787849607,0.00217457234506761,1.97136e-05,4.66323100979097,0.125
SalinityOnly,96,ice,ice,-0.417,29.064,27.964,0.5861,0.5861,5.751,0.0785035866253811,0.124,0.707718490577272,1.08835243393488,1.034,7.7503868,1.9998520540238e-05,0.138627886944458,0.0401178835682009,0.0141411112185234,0.0242703934165225,0.00366901842087622,0.00266060909061784,0.0213132388204022,0.080123897117087,0.0523788838886506,7.80550294811867e-05,0.00131483898936596,0.000178014870802077,0.000966000704853921,0.0135456329358786,0.00036,0.000289791650142916,0.133347207950826,0.0020699236299542,1.18336e-05,4.54964133746189,0.124
SalinityOnly,97,ice,ice,-0.474,29.21,28.11,0.70709,0.70709,6.323,0.0859734512843538,0.131,0.712781143266646,1.08875831044791,1.047,8.266307,2.35151512585646e-05,0.139619559274637,0.0402096604639763,0.0112867812902042,0.0275670021669819,0.00393368515898993,0.00277711131070386,0.0244720893922681,0.0859036801713986,0.0546724400071252,5.69833520150705e-05,0.000969259183348184,0.00016189337576816,0.000688971611030995,0.00946656185508029,0.00036,0.000263547355901655,0.132054075859407,0.00202739008924246,0.0001089936,4.50265487156462,0.131
SalinityOnly,98,ice,ice,-0.417,29.046,27.946,0.4203,0.4203,6.297,0.0779157432452819,0.124,0.737244229746278,1.10212330818822,1.05,7.68678019999999,2.99501388643983e-05,0.144411388274392,0.0657051089487185,0.0275337367792464,0.0364451160376251,0.0036365648679864,0.00264572195957809,0.0275442252016348,0.0794151775538292,0.0520858038901962,0.000115367821980519,0.0018878224292007,0.000209457816396303,0.0014318392160827,0.019588009216287,0.00036,0.000340977840645145,0.133506488781366,0.00212375872063478,1.18336e-05,4.60842567547181,0.124
SalinityOnly,99,ice,ice,-0.368,29.086,27.986,0.24655,0.24655,7.02,0.0790993239220223,0.133,0.762371642690679,1.12493879337338,1.042,7.82812819999999,4.66353699466542e-05,0.14933334553175,0.107566655438038,0.0494345366478931,0.0564435146502235,0.00370873651727963,0.00267864831365148,0.037091796039609,0.0809912595298255,0.0527340184975087,0.000147917448509697,0.0024316676501993,0.000240180654624104,0.00182424596033778,0.0248377345612477,0.00036,0.000390991763341565,0.133152487415768,0.00290528288166308,0.0001547536,5.39006760779777,0.133
SalinityOnly,100,open,open,-0.389,28.974,27.274,0.11378,0.11378,8.05,0.0648900430973888,0.13,0.86462522742538,1.12572899128627,1.115,6.65901067813741,7.49339250405106e-05,0.169362776121737,0.109683476723198,0.0108670941364912,0.0965808059610103,0.00307457979448734,0.00251668907827805,0.021692087516545,0.0671425669956017,0.0495455591277222,0.000180446263773561,0.00253023248005923,0.000189168155129086,0.00245261867255186,0.0373839188676337,0.00036,0.000307948159512466,0.139428781059227,0.00423930648785989,8.91136000000001e-05,6.51099569026112,0.13
SalinityOnly,101,open,open,-0.394,28.905,27.205,0.08539,0.08539,9.017,0.0648915975058698,0.119,0.889872333848935,1.14209036587309,1.108,7.0357288447449,9.98622873871501e-05,0.174308178935932,0.139196850621725,0.00808007176616465,0.128709604936055,0.00324029868860518,0.00268344384095318,0.0164352304761773,0.0707615304619895,0.0528284270931217,0.000177786756289555,0.00245702961838906,0.000198587798469447,0.0024324745520295,0.0380016730908373,0.00036,0.000323282462624681,0.140034077585407,0.00292771922046679,2.43360000000002e-06,5.41084024941302,0.119
SalinityOnly,102,open,open,-0.357,28.839,27.139,0.00983,0.00983,10.473,0.0653679204082843,0.109,0.91919409751727,1.17531632707071,1.083,7.58573881262526,0.000149815550469224,0.180051725547962,0.199225541244273,0.00390255857396538,0.192698359328783,0.00348512971974477,0.00291836082393273,0.00292389889231233,0.0761081420348509,0.0574531911812955,0.000179610540677584,0.00245384556753668,0.000215927360810112,0.00247130294570972,0.0397161645839173,0.00036,0.000351509657132741,0.140612544220388,0.00190375836949781,0.0001336336,4.36320795917157,0.109
SalinityOnly,103,open,open,-0.294,28.593,26.893,0,0,10.239,0.0595211017750409,0.109,0.950953343297207,1.15148596692977,1.059,7.30588974190951,0.00013830396862628,0.186272726118162,0.15650859159395,-0.0287499329248404,0.182362744070025,0.00332613281426824,0.0029009516573576,-0.0190312462512926,0.0726359731234466,0.0571104603690719,0.00018656481789462,0.00230172398595316,0.000197977394268065,0.00260268363960837,0.0445177294413685,0.00036,0.000322288781366618,0.142764118461818,0.00244816136955586,0.0001336336,4.94788982249591,0.109
SalinityOnly,104,open,open,-0.297,28.46,26.76,0,0,9.532,0.0554517570738307,0.098,0.963981616210963,1.12822838620131,1.044,6.9337099834464,0.000114251364417049,0.188824704014199,0.11476789110602,-0.0414233133120224,0.153218444036759,0.00314108003808653,0.00279947994291218,-0.023085481584501,0.0685947970106067,0.0551128068364047,0.00019818565922216,0.0022726894662792,0.000182992139140318,0.00277286024858987,0.048691549604924,0.00036,0.000297894179995866,0.143924303462578,0.00181035297610432,0.0005089536,4.25482429261693,0.098
SalinityOnly,105,open,open,-0.327,28.503,26.803,0,0,6.999,0.05190579642689,0.103,0.920716537090727,1.0940676501273,1.029,5.87517768791417,5.38810844110919e-05,0.18034994098797,0.0534591475371739,-0.0224638635484761,0.0733143910974993,0.00266582498207748,0.00235941176686304,0.000645751799750281,0.0582161935685039,0.0464492718670435,0.00023255358170063,0.00262188594520833,0.000158383772550926,0.003251716897809,0.054300509592281,0.00036,0.000257834048338716,0.143549446750121,0.00261061763877041,0.0003083536,5.109420357311,0.103
SalinityOnly,106,open,open,-0.376,28.509,26.809,0.14805,0.14805,6.409,0.0501665317957065,0.101,0.878553742333102,1.08397787808768,1.025,5.60141118528996,3.95577543662565e-05,0.172091093405572,0.0345718483683771,-0.022178272792825,0.0542054686350432,0.00254217410304791,0.00224778218091635,0.00872544885052962,0.0555159099576528,0.0442516423312134,0.000208447881446034,0.0023285876990954,0.00014342188858946,0.0029143310614439,0.0480016199379362,0.00036,0.000233477493052609,0.14349712277119,0.00258404148967692,0.0003825936,5.08334682042935,0.101
SalinityOnly,107,ice,ice,-0.44,28.31,27.21,0.233,0.233,6.13,0.0585934553503291,0.116,0.81348378396269,1.08984282909123,1.043,5.08597699999999,3.94377306843811e-05,0.159345190970416,0.0446507456819789,-0.00941021798165254,0.0522034800079792,0.00234277270168345,0.00193852678834878,0.0213946817090869,0.0511613890653555,0.0381633927058336,0.000213865298983657,0.00269200661049524,0.00013827117506312,0.00292477094031636,0.0414956764986313,0.00036,0.000225092610567869,0.139990233844819,0.00329551136861466,2.07935999999999e-05,5.74065446496709,0.116
SalinityOnly,108,ice,ice,-0.447,28.149,27.049,0.31373,0.31373,7.159,0.0583647035525292,0.116,0.857833351855786,1.09500745851698,1.059,4.51705129999999,6.44320591149225e-05,0.168032383640632,0.0534949720590842,-0.0335054923749018,0.0853698104256798,0.00206839489889715,0.00175820049850935,0.0208169686692046,0.0451695361172823,0.0346133447747499,0.000213711132379858,0.00245516440043586,0.000114257954178618,0.00295970360323093,0.0423895571844506,0.00036,0.00018600132075589,0.141400542540438,0.00332182739658784,2.07935999999999e-05,5.76352964474708,0.116
SalinityOnly,109,ice,ice,-0.432,28.115,27.015,0.22759,0.22759,6.196,0.054218584029927,0.127,0.839016680918933,1.08572487161135,1.071,4.39690549999999,4.52000612720795e-05,0.164346574429716,0.0372886583547754,-0.0253684173252779,0.060924382825212,0.0020108483765995,0.00171894265149422,0.0188111319632002,0.0439128371577493,0.0338404833206658,0.000248694987553828,0.00278288823322394,0.000116026751061284,0.00345138752686817,0.0492750152302648,0.00036,0.000188880757541625,0.141697981504232,0.00529713451060879,4.14736e-05,7.2781415970073,0.127
SalinityOnly,110,open,open,-0.347,28.165,26.465,0.01323,0.01323,6.172,0.0418303445422131,0.094,0.942203797493742,1.0734695872175,1.074,5.31228729908653,3.77917043398252e-05,0.184558865222047,0.0164219034067579,-0.0399163384455241,0.053527342473018,0.00238002037015134,0.00222352899869855,-0.00356444684226703,0.0519748023584563,0.0437741747393765,0.000268444460463994,0.00240557482277124,0.000132802819294263,0.00373501278640115,0.0665804177282113,0.00036,0.000216190636060428,0.146489604695424,0.0027216729505842,0.0007054336,5.21696554577869,0.094
SalinityOnly,111,open,open,-0.342,28.246,26.546,0.05839,0.05839,6.749,0.0449404221446687,0.081,0.939988603649656,1.07972221918834,1.043,5.62117404526506,4.61438194760147e-05,0.184124953086266,0.0274059540103216,-0.039996489405601,0.0645636149106433,0.00252611631439164,0.00232995286844053,-0.00384650736012865,0.0551652405254957,0.0458693203719511,0.000245099079440983,0.00233437878590802,0.000140890919790428,0.00342167503321428,0.0599595390576747,0.00036,0.000229357311286743,0.145786365064822,0.0013002931551047,0.0015649936,3.60595778553313,0.081
SalinityOnly,112,open,open,-0.342,28.263,26.563,0.05572,0.05572,6.653,0.0451372322549606,0.077,0.935405379685877,1.07964720070748,1.036,5.58578203887472,4.47125277911549e-05,0.183227191247412,0.0272853669794401,-0.038033721137106,0.062512321861131,0.00251181892802452,0.00231051445726251,-0.00271336707491161,0.0548530146975181,0.0454866402233852,0.000246449324531567,0.0023697140556335,0.000140744821058683,0.00344231345150477,0.0599471415398952,0.00036,0.000229119476142041,0.14563866130889,0.00101523596837432,0.0018974736,3.18627677450394,0.077
SalinityOnly,113,ice,ice,-0.367,28.249,27.149,0.26521,0.26521,7.474,0.0613335571590369,0.075,0.863191369011014,1.10430832393817,1.022,4.87042129999999,7.19414134290003e-05,0.169081911957796,0.0704426779456256,-0.0253553341068964,0.0941384772436172,0.00223845098360336,0.00187128687345141,0.0213361350090637,0.0488832150014241,0.0368396538268261,0.000224483433040785,0.00268428946528851,0.000129782003753886,0.00308622447123829,0.0431434198210702,0.00036,0.000211273029366791,0.140524930244808,0.000186771659925312,0.0020757136,1.36664428409631,0.075
SalinityOnly,114,ice,ice,0.121,28.206,27.106,0.31435,0.31435,7.29,0.0594513036947359,0.09,0.8521485061484,1.09903847645107,1.019,4.71847219999999,6.56691302799576e-05,0.166918836151747,0.0607262329992332,-0.0275607984777789,0.0866143462171848,0.00216518024481851,0.00182309467150198,0.0230635509014217,0.0472831311472011,0.0358909034977571,0.00021469508354958,0.00251119677417572,0.000121852949820312,0.00296157762309633,0.0416037700977502,0.00036,0.000198365267149344,0.140901587490124,0.000933222845951254,0.0009339136,3.05486963052641,0.09
SalinityOnly,115,ice,ice,-0.322,28.198,27.098,0.43916,0.43916,6.709,0.0573543727629898,0.082,0.81019097293076,1.08648890571997,1.052,4.69020259999999,4.70945409955182e-05,0.158700195196613,0.0375465892489863,-0.0268571847428776,0.0626613954956071,0.00215157288661266,0.00181405627928925,0.0263156335862573,0.0469859741302951,0.0357129664614896,0.000177091662482209,0.00206614831605921,0.000110528941232711,0.00244430502500159,0.0344268083815924,0.00036,0.000179930834564878,0.140971639370714,0.00060740694190566,0.0014868736,2.46456272370102,0.082
SalinityOnly,116,ice,ice,-0.363,28.231,27.131,0.40019,0.40019,7.21,0.0601136154741087,0.093,0.83504762611403,1.09421411619438,1.055,4.8068147,5.91785983979784e-05,0.163569116036166,0.0516161929340273,-0.0279033802026788,0.0778369447013877,0.00220775259190374,0.00185119324777779,0.0257906755557168,0.0482128245874089,0.0364440746003353,0.000185138654094623,0.00219949325655422,0.000117327894013841,0.00254898259808415,0.0357999507369106,0.00036,0.000190998897231834,0.140682627007118,0.00108151428718479,0.0007595536,3.28863845258913,0.093
SalinityOnly,117,ice,ice,-0.341,28.327,27.227,0.36668,0.36668,6.956,0.0611952942497257,0.07,0.819907479116975,1.09492390053545,1.056,5.14604989999999,5.20179929387466e-05,0.160603464277486,0.053066383919752,-0.0168145244899526,0.0681075784578262,0.0023719252906137,0.00195703047727988,0.026566267771403,0.0517980222920663,0.0385276711627673,0.000187258598520427,0.00232532964343395,0.000131085037629478,0.00255687750290328,0.0354371305346992,0.00036,0.000213394247303801,0.139841143642274,7.75228433489128e-05,0.0025563136,0.880470575027427,0.07
SalinityOnly,118,ice,ice,-0.353,28.353,27.253,0.35668,0.35668,6.327,0.0596201947649169,0.058,0.794646770891069,1.0887838196542,0.968,5.2379261,3.89801407348533e-05,0.155655397142457,0.0420993166745274,-0.0111530010425991,0.0513764844034311,0.00241657848347053,0.00198513184346776,0.0247790618232896,0.0527731571701179,0.0390808971897916,0.000187599331838873,0.00235806336569902,0.000134930675957224,0.00255515964574251,0.0353219945742507,0.00036,0.000219654588767573,0.139613059308706,2.62503107626413e-06,0.0039137536,-0.16201947649169,0.058
SalinityOnly,119,ice,ice,-0.346,28.312,27.212,0.34364,0.34364,8.9,0.06741161431749,0.066,0.885919773821056,1.12587068946707,0.98,5.0930444,0.00011154104143655,0.173533951539049,0.108728249884753,-0.0349748062774285,0.142207873935395,0.00234620062338484,0.00194070901654306,0.0205384178052219,0.0512362479006683,0.0382063537998213,0.000195638745868275,0.00241041308592528,0.000131342635543933,0.00267501976817155,0.0371050567639525,0.00036,0.000213813592745938,0.139972695543564,1.99265498134279e-06,0.0029767936,-0.141161431749001,0.066
SalinityOnly,120,ice,ice,-0.35,28.276,27.176,0.3361,0.3361,7.07,0.0604729069573718,0.059,0.835070172291223,1.09628018686214,0.983,4.9658312,5.7173374737263e-05,0.163573532381004,0.0556614431214232,-0.0211564867299784,0.0750859190887591,0.00228457125420823,0.00190121170558899,0.0249104001010633,0.0498903878724925,0.0374287780666285,0.000202958866468025,0.0024506314951383,0.000127923851533053,0.00278399496287025,0.0386590324156726,0.00036,0.000208248130402644,0.140288314451064,2.16945490507436e-06,0.0037896336,-0.147290695737184,0.059
SalinityOnly,121,ice,ice,-0.343,28.223,27.123,0.30482,0.30482,6.403,0.0569567551366758,0.068,0.820404664441979,1.08824637610713,0.971,4.77854509999999,4.45707177906814e-05,0.160700852931228,0.0414076491835846,-0.0197890859067633,0.0594013223348708,0.00219412130511997,0.00184222583708698,0.0226532164265196,0.0479151450190475,0.0362675349632229,0.000218887673270448,0.0025692400955531,0.000124224624163446,0.00301551884604001,0.0420547199475531,0.00036,0.000202226132359098,0.140752702319971,0.000121953257111337,0.0027625536,1.10432448633242,0.068
SalinityOnly,122,ice,ice,-0.339,28.249,27.149,0.29201,0.29201,5.542,0.054531227439848,0.08,0.783567347032698,1.08090953204621,0.991,4.87042129999999,2.87830837695353e-05,0.153485159769127,0.0283075209322002,-0.0123702258073841,0.0387464669058595,0.00223845098360336,0.00187128687345141,0.0198746333327374,0.0488832150014241,0.0368396538268261,0.000220871416102408,0.00262264868338,0.000128262657863931,0.00303656604025857,0.0421526942803387,0.00036,0.000208799675592447,0.140524930244808,0.000648658375720754,0.0016451136,2.5468772560152,0.08
SalinityOnly,123,open,open,-0.357,28.287,26.587,0.14071,0.14071,5.38,0.0417607874114055,0.069,0.864860798746572,1.07075280962911,1.002,4.98119918501961,2.52309274021084e-05,0.169408919828474,0.010875259278539,-0.0274686574537772,0.0357462365263213,0.00224197344975931,0.00205443010429742,0.00727451629649975,0.0489601384952588,0.0404451583172462,0.000253431289908859,0.00238889906908921,0.000123205056094474,0.00354205685404035,0.0591619465931449,0.00036,0.000200566370386353,0.14543007380831,0.000741974702446644,0.0026584336,2.72392125885945,0.069
SalinityOnly,124,open,open,-0.347,28.308,26.608,0.04883,0.04883,5.398,0.0429769307035643,0.078,0.886878581498813,1.07243551962395,1.018,4.99996341589843,2.70459798211316e-05,0.173721762772079,0.0143787191192652,-0.0263127506729119,0.0381358743160365,0.00225219650312603,0.00205689635897809,0.00485177324048617,0.0491833891803786,0.0404937109843834,0.000278664687057437,0.00266028060132407,0.000128731441846737,0.00389647704022164,0.0646846833936428,0.00036,0.000209562812308642,0.145247498026541,0.00122661538294294,0.0018113536,3.50230692964357,0.078
