RowID,Temperature,Salinity,SeaIce,WindSpeed,Hg0_water,DGM_obs,HgII_water,Hg0_air,GEM_obs,MLD,Dw,P_sink,AS,Net,Diff_Hg0,Current_Hg0,fr_Hg0,Diff_HgII,Current_HgII,fr_HgII,Red_UVB,Red_UVA,Red_Bio,Ox_UVB,Ox_UVA,Ox_Dark,Ox_Bio,a_443,NSE_num,NSE_den,PBIAS_num,PBIAS_den
1,-0.444,30.078,0.79559,9.798,0.153203186795992,0.185,0.828667540706783,1.15083747279289,1.128,15.2206286,0.000131338306380366,0.194972203174906,0.155344730234007,0.0553875054566664,0.105148222393466,0.00775012603337407,0.00360922710877304,0.0741221820159816,0.169246983718938,0.0710541388153693,1.4297409372255e-05,0.000326297138398595,0.000282702468382747,0.0001670011744323,0.00329466870108702,0.00036,0.000460213320623077,0.114439408865474,0.00101103732993055,0.0041525136,3.17968132040075,0.185
2,-0.431,30.348,0.85288,11.359,0.182477317505344,0.191,0.879207748381129,1.16890835974668,1.127,16.1747276,0.000240515194866309,0.206863504758627,0.187776799961985,0.0430839532422504,0.153624790342625,0.00830987081078458,0.00361616110105642,0.0770227040922482,0.181470670768826,0.0711906469472766,1.06584972305918e-05,0.000256075936218026,0.000252089097445349,0.000124496788813113,0.0024393455207577,0.00036,0.000410377600492429,0.111999140928393,7.26361169047208e-05,0.0049617936,0.852268249465629,0.191
3,-0.509,30.42,0.76806,10.656,0.17098199131382,0.175,0.857654255628113,1.19641455174412,1.123,16.429154,0.000231861550204096,0.201792313042121,0.237142541615581,0.0820642691872036,0.162834173686698,0.00846060912801727,0.00361364054317503,0.0983901163244702,0.184762488916382,0.0711410252237888,1.61918122980039e-05,0.000390446302460344,0.000348523192821886,0.000189128785470841,0.00365879395112886,0.00036,0.000567363337151907,0.111347544367497,1.6144393802217e-05,0.0029637136,0.401800868617988,0.175
4,-0.193,30.537,0.7542,9.941,0.174386875564794,0.166,0.849685813481713,1.19127573609026,1.122,16.8425969,0.000214387887449111,0.199917466200853,0.227919838378521,0.0897800620047529,0.146526558101803,0.00870688172512905,0.00360562060063144,0.0992268355282013,0.190140581356983,0.0709831382043219,1.72813164887935e-05,0.000423981652991748,0.000378762721265624,0.000201854760832773,0.0038664526957757,0.00036,0.000616590476478923,0.110287944988659,7.03396817393443e-05,0.0020647936,-0.838687556479434,0.166
5,-0.552,30.549,0.70175,9.069,0.168948217851516,0.181,0.832225616674626,1.18551576238411,1.116,16.8850013,0.000177337373808564,0.195809361475957,0.217582334229063,0.0988099356152092,0.126536494450004,0.00873223305663449,0.00360452334393196,0.0970344787280384,0.190694202855792,0.070961536729133,2.05208376880383e-05,0.000505248356714059,0.000426376258962645,0.000239694052608392,0.00459458990441398,0.00036,0.000694100886683375,0.110179215753877,0.000145245452954511,0.0036529936,1.20517821484837,0.181
6,-0.471,30.502,0.71299,10.023,0.168133480187738,0.16,0.84602753650602,1.20568923255449,1.113,16.7189174,0.000222072475245459,0.199056732207137,0.253787939017266,0.101909662269605,0.159456950874466,0.00863303874784821,0.00360852902116265,0.106707635870598,0.188528000978317,0.0710403957029303,2.01298402605943e-05,0.00048801363944734,0.000411268687549746,0.00023512699938336,0.0044869925674826,0.00036,0.000669507165778656,0.110605016470369,6.61534999643255e-05,0.0015555136,-0.813348018773793,0.16
7,-0.602,30.852,0.60418,9.532,0.189705329272247,0.154,0.878136231929056,1.26627482718919,1.114,17.9557124,0.000399137172806838,0.206611394095259,0.362521740226248,0.13449972338155,0.238990579071346,0.00937806383494495,0.00355988053386737,0.129885681836265,0.204797833009831,0.070082662574684,2.6418459683255e-05,0.000693591628596639,0.000554938600181516,0.000308581343579457,0.00587011269405498,0.00036,0.000903388418900142,0.107430634478908,0.00127487053843957,0.0011182336,-3.57053292722469,0.154
8,-0.658,30.693,0.4836,9.593,0.164156057033538,0.134,0.851358614868284,1.28336859952734,1.102,17.3938541,0.000315913008734362,0.20031104958115,0.393200168894575,0.166869546026884,0.233785596901469,0.00903779286363556,0.0035873699412663,0.143663931725441,0.197367007331225,0.0706238410903079,3.616039583176e-05,0.000896171484042094,0.000611309511976995,0.000422372222450277,0.00787657042034404,0.00036,0.000995155019497434,0.108873714070245,0.000909387775809996,0.0001806336,-3.0156057033538,0.134
9,-0.471,30.442,0.58223,8.582,0.149263487197923,0.138,0.80556814851464,1.19343830887552,1.08,16.5068954,0.000144969042464734,0.189537286074302,0.231801037543939,0.117850650200572,0.119218700870942,0.00850679176903064,0.00361250339824288,0.0979897705179007,0.185771023830269,0.0711186384768684,3.15752116737407e-05,0.000726032824532543,0.000507841521161987,0.000368814887730357,0.00676910628937849,0.00036,0.000826718755379978,0.111148374512045,0.000126866143857767,0.0003041536,-1.12634871979226,0.138
10,-0.37,30.138,0.63443,7.64,0.134755546453467,0.153,0.772429570434001,1.14377294938893,1.103,15.4326506,7.44253787784748e-05,0.181740309287984,0.142665932772762,0.078749059068286,0.0671755154706649,0.00787376001148315,0.00361300391388806,0.0622197952273879,0.171946898248073,0.0711284920291831,2.9775790196326e-05,0.000631558461159995,0.000427148351595184,0.000347796709387494,0.00629835388598435,0.00036,0.000695357781666579,0.113897572075057,0.000332860085211589,0.0010523536,1.82444535465327,0.153
11,-0.359,30.097,0.631,7.758,0.132701233757971,0.169,0.772790343446086,1.14526841822063,1.118,15.2877689,7.59274868671025e-05,0.1818251934008,0.1453498712839,0.0789505160165707,0.0693937180268124,0.00778923019220312,0.00361056133357343,0.0633432490131963,0.170100938984205,0.0710804054345985,3.02362046590979e-05,0.000635350565787562,0.000423288020845158,0.000353174589673817,0.00639033171862835,0.00036,0.000689073522306071,0.114267855046123,0.0013176004306935,0.0023464336,3.62987662420294,0.169
12,-0.363,30.1,0.631,8.196,0.133373716847192,0.165,0.781397689776226,1.15498739198811,1.107,15.29837,8.97228447435564e-05,0.18385036416596,0.162792647375483,0.0841945377033521,0.0816683398685763,0.00779540848128622,0.00361076028869606,0.071121901613254,0.170235860247079,0.0710843222246689,3.02200770884998e-05,0.000635453793319436,0.00042371776342576,0.000352986211264799,0.00638742637066224,0.00036,0.000689773103251237,0.114240765238844,0.00100022178606157,0.0019749136,3.16262831528078,0.165
13,-0.36,30.107,0.631,7.436,0.132853291624866,0.16,0.767177573640925,1.13896357452558,1.116,15.3231059,6.73182208455397e-05,0.180504598540897,0.134034481460214,0.0755862623368555,0.0614687060466459,0.00780982867664792,0.00361121209554918,0.0579859423579321,0.170550767973624,0.0710932168566474,3.01633228197249e-05,0.000635454123054871,0.000424727767806186,0.00035232329189999,0.006378215196892,0.00036,0.000691417296428675,0.11417755318663,0.000736943775604582,0.0015555136,2.71467083751342,0.16
14,-0.362,30.103,0.67753,6.754,0.135339053573766,0.153,0.758179379885004,1.11988306378516,1.114,15.3089711,4.83835985907925e-05,0.178387467634948,0.0997904260156043,0.0595626380629101,0.0435143981256323,0.00780158784715533,0.0036109560496502,0.0437791216775042,0.170370805024769,0.0710881761317771,2.65774862615529e-05,0.000560031069325176,0.00039250737724887,0.000310438856689016,0.00562581713008159,0.00036,0.000638965497846998,0.1142136747881,0.000311909028670297,0.0010523536,1.76609464262337,0.153
15,-0.352,30.104,0.67753,5.835,0.135231076849745,0.157,0.745306104596958,1.10595058999992,1.112,15.3125048,3.12078777276588e-05,0.175358592094769,0.074785623404561,0.0499756960108263,0.0280858288905974,0.00780364787506414,0.00361102059348636,0.0301784752741265,0.170415791842847,0.0710894467934884,2.65335016208178e-05,0.000559563120797602,0.000392585127119499,0.000309925093218411,0.00561995718418694,0.00036,0.000639092067403835,0.114204644494907,0.000473886015121719,0.0013278736,2.17689231502552,0.157
16,-0.356,30.109,0.67753,5.199,0.136006952476856,0.156,0.740003215170834,1.09770698645683,1.12,15.3301733,2.21539474881831e-05,0.174110907126051,0.0599907145767236,0.0435134687520234,0.0198426200862877,0.00781394980925157,0.00361133798905302,0.0219906457263683,0.170640765124596,0.0710956952971079,2.65079535546553e-05,0.000559692206448578,0.000393253481279787,0.000309626678523656,0.0056154518362018,0.00036,0.000640180085804304,0.114159491957297,0.000399721949262705,0.0012559936,1.99930475231443,0.156
17,-0.344,30.103,0.67753,4.189,0.137914392929984,0.155,0.738239603357024,1.08649035927484,1.118,15.3089711,1.15356510304037e-05,0.173695957506339,0.0398600792731447,0.0332159223652886,0.0102104742974425,0.00780158784715533,0.0036109560496502,0.0115488870788261,0.170370805024769,0.0710881761317771,2.65267109298135e-05,0.000559386306133526,0.000392448906415434,0.000309845774417123,0.00561934013263071,0.00036,0.000638870312769311,0.1142136747881,0.000291917968950973,0.0011861136,1.70856070700158,0.155
18,-0.407,30.102,0.67753,2.888,0.143277091998224,0.156,0.75037369934454,1.0753973691643,1.107,15.3054374,3.78670341242092e-06,0.176550915993315,0.0199513371247023,0.0208594697311655,0.00323942127399424,0.0077995279388894,0.00361089115090643,0.003569108344154,0.170325820819449,0.0710868984830701,2.65118076977025e-05,0.000559106543234988,0.000392027501474305,0.000309671696918146,0.00561768764592851,0.00036,0.000638184304725613,0.114222705009828,0.000161872388021659,0.0012559936,1.27229080017761,0.156
19,-0.604,30.139,0.67939,4.016,0.14043863168125,0.157,0.741907584892898,1.08483205289569,1.109,15.4361843,1.05102913522233e-05,0.17455897482767,0.0368838939726467,0.0316093302276258,0.00915621577014443,0.00787582422689309,0.00361305603595788,0.0103361384748818,0.171991976512655,0.0711295181460421,2.64459286332409e-05,0.000560477978386576,0.000395670895395816,0.000308902195195902,0.0055883168421239,0.00036,0.000644115411109468,0.113888539286816,0.000274278920589301,0.0013278736,1.65613683187502,0.157
20,-0.103,30.256,0.71694,6.056,0.144840657180507,0.134,0.75588636945086,1.10799446605589,1.114,15.8496272,3.73731638118036e-05,0.177847958996941,0.0784537959149741,0.0513165110550983,0.031648627315131,0.00811816332472406,0.00361670439089748,0.0342304421821401,0.177284169332287,0.0712013425867087,2.37456931742817e-05,0.00051225285643272,0.000386287353914145,0.000277362041231715,0.00498072573978943,0.00036,0.000628839878464887,0.112831214821276,0.000117519848105271,0.0001806336,-1.08406571805067,0.134
21,-0.56,29.591,0.71069,6.395,0.115170872756868,0.15,0.741227781740083,1.09978913928053,1.108,13.4997167,3.10167387468422e-05,0.174399028031254,0.0637275829294136,0.0332177961419129,0.0313540060446523,0.00676256601924535,0.00353130029897299,0.0306046456968982,0.147680682356488,0.0695200091543368,2.85160657605268e-05,0.000526466184795077,0.000307845817664647,0.000333082473069425,0.00578367373418907,0.00036,0.000501144354337797,0.118827569234079,0.00121306810451831,0.0008667136,3.48291272431324,0.15
22,0.586,29.612,0.80582,6.39,0.120355146261458,0.145,0.740214435071816,1.09122601665056,1.114,13.5739244,2.76986912558255e-05,0.174160603786564,0.0483592287952473,0.0225105467441915,0.0272059189441057,0.00680456532998847,0.00353639715555353,0.0274662586688404,0.148597861848916,0.069620349959745,2.04843780251449e-05,0.000375244536583306,0.00024685687225703,0.000239268184791078,0.00411030641218423,0.00036,0.000401860024604468,0.118638713912327,0.000607368815794133,0.000597313599999999,2.46448537385421,0.145
23,0.708,29.538,0.6517,5.641,0.108043964844478,0.15,0.720174153793659,1.09663776895439,1.118,13.3124306,2.11922002736695e-05,0.169445446499585,0.0580717751974809,0.0359552608839444,0.0222577195208089,0.00665680237850488,0.00351774082997098,0.0230657490542254,0.145371019635472,0.0692530665753038,3.54145139999432e-05,0.000639143192359388,0.000341771417615174,0.000413659934884194,0.00707142466840419,0.00036,0.000556372075187492,0.119304053048599,0.00176030888597144,0.0008667136,4.19560351555225,0.15
24,-0.495,29.507,0.57457,5.885,0.105647651071499,0.157,0.732813792425588,1.10321219460064,1.133,13.2028859,2.62697086408807e-05,0.172419351075719,0.0698709874622622,0.0418387979766267,0.0279385761885941,0.00659509640141591,0.0035093477300922,0.0269883232166018,0.144023486646361,0.069087833281331,4.28907344479211e-05,0.000770623952396016,0.000372317688418102,0.000500986076468273,0.00855966039137172,0.00036,0.000606098562541096,0.119582650323887,0.00263706374047448,0.0013278736,5.13523489285007,0.157
25,-0.558,29.541,0.49666,6.809,0.104282269086054,0.15,0.749293277764181,1.12389615725196,1.109,13.3230317,4.3815187262179e-05,0.176296710095856,0.106992780137629,0.059845867669176,0.0469294608820068,0.00666278002646216,0.00351853496515503,0.041526095374207,0.145501559304394,0.0692687005572908,5.12095019117551e-05,0.000915593531861187,0.000412741878103941,0.000598153605222496,0.0101261124955844,0.00036,0.000671905382959905,0.119277088063656,0.00209011091992001,0.0008667136,4.57177309139464,0.15
26,-0.54,29.649,0.51332,6.535,0.10772135569733,0.145,0.747273487961425,1.12025150382914,1.109,13.7046713,3.97593710724161e-05,0.17582148589743,0.100451670437504,0.0587615051095698,0.0418293459624223,0.00687869249240402,0.00354499651556834,0.0380700657304069,0.150216648252705,0.0697896438561392,5.04076487800227e-05,0.000904195315200318,0.0004258273291091,0.000588787543774931,0.00985153631928467,0.00036,0.000693207279945046,0.118305886622368,0.00138969732104498,0.000597313599999999,3.72786443026698,0.145
27,-0.454,29.803,0.6369,5.732,0.117609573220625,0.125,0.739817793591313,1.10136116360661,1.116,14.2488611,2.58923537173283e-05,0.174067280397479,0.0665489166408169,0.0419130556916436,0.0258247744402237,0.00718898135097558,0.00357556882022535,0.0257246852004024,0.156992725592439,0.0703915147591158,3.85667978950685e-05,0.000701966514833065,0.000389567710747881,0.000450480249594601,0.00746336381755067,0.00036,0.000634179994240736,0.116919490349126,5.46184079813089e-05,1.97136e-05,0.739042677937539,0.125
28,0.235,29.964,0.65211,5.058,0.124334807995471,0.151,0.735443080032673,1.09533991280411,1.121,14.8177868,1.86139137261525e-05,0.173037980347835,0.0557424948876435,0.0398566481915692,0.0178731869120586,0.00751640809314571,0.00359853120538178,0.0188867047602583,0.164143059440247,0.070843570685015,3.67052457169037e-05,0.000685411306251978,0.000407668669266639,0.00042873635236635,0.00707826557881873,0.00036,0.00066364667089918,0.115468185675124,0.000711032464638407,0.0009265936,2.66651920045292,0.151
29,-0.435,29.916,0.64236,4.666,0.123157110869386,0.137,0.73775323865446,1.09026956139669,1.115,14.6481692,1.47088627450892e-05,0.173581523679808,0.0466426653767213,0.0342530102726218,0.014219312184067,0.00741846571092006,0.00359264778632537,0.0147602945100273,0.162004197091615,0.0707277449800248,3.80872290441998e-05,0.000703230764668794,0.000404410926649917,0.000444878636097288,0.00732814547688862,0.00036,0.000658343368964981,0.115901072391058,0.000191625579482482,0.0002702736,1.38428891306144,0.137
30,-0.434,29.92,0.64236,4.353,0.123954307033861,0.134,0.738066369622994,1.0871352177965,1.123,14.662304,1.19683979315602e-05,0.173655198382651,0.041017415744386,0.0314157390394297,0.0115173037416495,0.00742661704753125,0.00359316930311639,0.0119921451531355,0.162182205698027,0.0707380119777357,3.80556745979849e-05,0.000703268177971445,0.000404999165606639,0.000444510063760912,0.00732310370304994,0.00036,0.000659300967266622,0.115865004939084,0.000100915947169927,0.0001806336,1.00456929661386,0.134
31,-0.43,29.917,0.65386,4.498,0.123986206474926,0.142,0.737238013574061,1.08790500993334,1.124,14.6517029,1.3055494305592e-05,0.173460299468503,0.0423989722956333,0.0317546626162074,0.0125611243245922,0.00742050336560852,0.00359277869788454,0.0131336353683101,0.162048695324082,0.0707303222099462,3.69271368226395e-05,0.000682097155490236,0.000397275644160655,0.000431328155838515,0.00710660275548766,0.00036,0.000646727792819671,0.115892055638099,0.000324496757164003,0.000459673599999999,1.80137935250742,0.142
32,-0.429,29.931,0.65386,4.318,0.124973302150576,0.141,0.737939318253759,1.08631036185704,1.116,14.7011747,1.16380106322478e-05,0.173625305229898,0.0395370354280943,0.0304333236439406,0.0111337993096843,0.0074490430937504,0.00359457419441389,0.0116682443948381,0.162671944918136,0.0707656697942888,3.68270612396497e-05,0.000682310445845986,0.000399302025360046,0.000430159221001709,0.0070903268426261,0.00036,0.000650026552911702,0.11576581339827,0.000256855043956722,0.000417793599999999,1.60266978494237,0.141
33,-0.425,29.954,0.65386,4.462,0.125699341520598,0.152,0.738589117344573,1.08798542751349,1.107,14.7824498,1.30054702559432e-05,0.173778192550969,0.0425432988344163,0.0322769948042257,0.0123898063065265,0.00749598069803302,0.0035973729255242,0.0129984365701792,0.163696966693733,0.0708207678590061,3.66321932851885e-05,0.000682346069975617,0.000402589509576779,0.00042788306198528,0.00706003962307182,0.00036,0.000655378271404058,0.115558384292016,0.000691724636450156,0.0009884736,2.63006584794023,0.152
34,-0.47,29.997,0.65386,7.174,0.127078311063039,0.16,0.767304874930623,1.12550743942818,1.033,14.9343989,5.55030896571637e-05,0.180534550495933,0.109884570453408,0.059734966510305,0.0524524591969094,0.00758390338364779,0.00360210172196274,0.0477746061881756,0.165617019255032,0.0709138627373409,3.63166834070663e-05,0.000683073278449637,0.000408643769004242,0.000424197742580938,0.0070093518149387,0.00036,0.000665234042565045,0.115170478589939,0.00108383760246199,0.0015555136,3.29216889369605,0.16
35,-0.471,29.726,0.67066,7.906,0.118258636853484,0.136,0.775595728478393,1.12802830725245,1.027,13.9767662,6.38309263433653e-05,0.182485255577287,0.11440880666056,0.0521865134091922,0.0634352561379833,0.00703348224034363,0.00356133479150572,0.0523866262473707,0.153596941403627,0.070111292256606,3.73791992854734e-05,0.000659069395286269,0.000361031906313224,0.000436608480423507,0.00709663744917493,0.00036,0.00058772635911455,0.117612912021193,0.000314755966296548,0.0002383936,1.77413631465158,0.136
36,-0.43,28.946,0.5638,7.131,0.0903941298247061,0.125,0.747303172466019,1.10994589405392,1.021,11.2204802,4.15828167672859e-05,0.175828470186034,0.0819560506223833,0.0328145013030832,0.0477314967919784,0.00549828468731708,0.00329852515877027,0.0398100741894762,0.120071350446324,0.0649374111004409,6.06206330401222e-05,0.000949980294221755,0.000305988356620404,0.000708080509478564,0.011005308651665,0.00036,0.000498120580544843,0.124611081331302,0.00119756625058929,1.97136e-05,3.46058701752939,0.125
37,-0.417,29.064,0.5861,5.751,0.0912615940288213,0.124,0.7225109719354,1.09322850664385,1.034,11.6374568,2.17949304976625e-05,0.169995262389713,0.051953125168907,0.0256699464778627,0.0249131229549525,0.00572585951028078,0.00335214552052574,0.0234757583029932,0.125041121543093,0.0659930245358612,5.81635702006713e-05,0.000906714319888133,0.000316038496166762,0.000679380738131278,0.0104596147093229,0.00036,0.000514481272829613,0.123555548983435,0.00107180322553371,1.18336e-05,3.27384059711787,0.124
38,-0.474,29.21,0.70709,6.323,0.0995120194772489,0.131,0.733162109549821,1.09267290834632,1.047,12.153377,2.6937656799257e-05,0.172501304517575,0.0509559852514039,0.020714273518085,0.0295627988366289,0.00600974089646155,0.00341164957849841,0.0276292220671676,0.131240513415967,0.067164469132681,4.23254656866012e-05,0.000660054615749799,0.000280334138821326,0.000494383443463058,0.00754878488036409,0.00036,0.00045635790040681,0.1222479485632,0.000991492917401153,0.0001089936,3.14879805227511,0.131
39,-0.417,29.046,0.4203,6.297,0.0878633405569336,0.124,0.744263681587183,1.10941066375102,1.05,11.5738502,3.24384392372209e-05,0.175113326652511,0.0809954654254118,0.041655430062622,0.0376888853800875,0.00569103702817721,0.00334428556015751,0.0315317780749984,0.124280669385766,0.0658382870537753,8.59886566878887e-05,0.0013044141900441,0.00037307062176933,0.00100439221406083,0.0150594653892621,0.00036,0.000607324267996584,0.123716637878484,0.00130585815570416,1.18336e-05,3.61366594430664,0.124
40,-0.368,29.086,0.24655,7.02,0.0868380925458227,0.133,0.767887054622455,1.13472287015456,1.042,11.7151982,5.1160118808281e-05,0.180671528055189,0.126423630913228,0.0649414651785695,0.0597308424827501,0.0057684729646121,0.00336159597940533,0.043892503784944,0.125971712681916,0.0661790738469357,0.000110183987158483,0.00167305529673543,0.000424741089785926,0.00128700625267177,0.0192794937154167,0.00036,0.000691438983372437,0.123358625919858,0.00213092169980803,0.0001547536,4.61619074541773,0.133
41,-0.389,28.974,0.11378,8.05,0.0827335341849213,0.13,0.825204119981538,1.16203364615631,1.115,8.84723291546802,0.000105992599276358,0.194157315736759,0.175438656787671,0.047825260838856,0.126154702256574,0.00433953442461904,0.00258841304689786,0.0615912188147874,0.0947666023685967,0.0509575746837157,0.000170830686433175,0.00247148172807831,0.000344474936453522,0.00199539122932147,0.0286089594961062,0.00036,0.000560773152366199,0.124360722106541,0.00223411879064801,8.91136000000001e-05,4.72664658150787,0.13
42,-0.394,28.905,0.08539,9.017,0.0841094088773054,0.119,0.841450074806277,1.19193140042396,1.108,9.28856935402556,0.00014015617365192,0.197979728766425,0.229096568189466,0.0618553416641108,0.165750723518328,0.00454515840044355,0.00274971876020396,0.0704450572516901,0.0992570116262952,0.0541331682940775,0.000170019817067507,0.00246053025496903,0.000360281086807052,0.00198591985357416,0.0285308527871522,0.00036,0.000586504094802177,0.124977558687058,0.00121735334889106,2.43360000000002e-06,3.48905911226946,0.119
43,-0.357,28.839,0.00983,10.473,0.0858280237422623,0.109,0.863001360116253,1.25028242230454,1.083,9.95507295643314,0.000208717552397976,0.203050401106931,0.333819950897194,0.0874299021207889,0.244849101362165,0.00486017453324127,0.00298002020088639,0.0831783034934281,0.106136323016746,0.0586670671157538,0.000173249048244439,0.00251817233702537,0.000390197456456209,0.00202363895253957,0.0292252911064659,0.00036,0.000635205161672898,0.125567195948097,0.000536940483689159,0.0001336336,2.31719762577377,0.109
44,-0.294,28.593,0,10.239,0.0831251412024227,0.109,0.856362150741696,1.23565404073146,1.059,9.39931555911752,0.000188058072676415,0.201488301452355,0.307566192993729,0.0824600898616759,0.223423630634857,0.00454970434614614,0.00292977058744357,0.080975871840501,0.0993562858309987,0.0576778129343514,0.000185697310662872,0.00266404391907388,0.000356100981087485,0.0021690411292132,0.0308380035515189,0.00036,0.000579699271537766,0.127761591258204,0.000669508317794561,0.0001336336,2.58748587975773,0.109
45,-0.297,28.46,0,9.532,0.0809455911608522,0.098,0.844341173374909,1.20832170948496,1.044,8.83680525125714,0.000153573219647782,0.19865995796551,0.258512481624642,0.0724826400149735,0.184304364836476,0.00425752690371398,0.00281345634589637,0.0750441157602936,0.0929757249692254,0.055387957512117,0.000199641894887027,0.00282850687057712,0.00032901071906566,0.00233192112248828,0.0325837133076611,0.00036,0.00053559884499061,0.128945742600663,0.000290852860852802,0.0005089536,1.70544088391478,0.098
46,-0.327,28.503,0,6.999,0.0759551606559649,0.103,0.802143447427124,1.13681173345899,1.029,7.51074947978202,7.26974560365675e-05,0.188731508746908,0.130172542658111,0.0392761719308558,0.0892506560363015,0.00362410749188644,0.00237504918998187,0.0503413807548943,0.0791431338062965,0.0467571227169662,0.000234874921329788,0.00321924640736108,0.000285739233299889,0.00274346118835249,0.037151654570074,0.00036,0.000465156891418424,0.128563072561376,0.000731423335144668,0.0003083536,2.70448393440351,0.103
47,-0.376,28.509,0.14805,6.409,0.0742606283675967,0.101,0.773139164824815,1.11462722053912,1.025,7.16491899510514,5.34195940860759e-05,0.181907265485664,0.0903576917469154,0.0226398644085731,0.0660837253129065,0.00345796417810147,0.00226353184594537,0.044475813390714,0.0755149018779271,0.044561702865378,0.000210834842416169,0.00285813271685648,0.000258996473569813,0.0024626605686395,0.0329919395813771,0.00036,0.000421622166276439,0.128509663318301,0.000714993995295772,0.0003825936,2.67393716324033,0.101
48,-0.44,28.31,0.233,6.13,0.0751668049114592,0.116,0.742046154752411,1.10686801586107,1.043,8.97304699999999,3.28619692035063e-05,0.174591578096744,0.0764321402343711,0.0337507050630188,0.0404878757351044,0.00430038197846774,0.00292442358971882,0.0322954593995851,0.0939115926064597,0.0575725476498099,0.000153690815270069,0.00218421210535141,0.000295046492776475,0.00179518862342759,0.0249664073858665,0.00036,0.000480308244054727,0.130279301523646,0.00166734982113883,2.07935999999999e-05,4.08331950885408,0.116
49,-0.447,28.149,0.31373,7.159,0.0758957548988889,0.116,0.755653864913895,1.11678091353584,1.059,8.4041213,5.00572645463553e-05,0.177793254402404,0.0942229542335141,0.0307354710914587,0.0614717380054313,0.00400481541993626,0.00280695143755234,0.0459041494107892,0.0874570203447669,0.0552598966706881,0.000149728780577452,0.00210616667532583,0.000258528774205572,0.0017489099984277,0.0238240624634835,0.00036,0.000420860795218374,0.131708296530893,0.00160835047512999,2.07935999999999e-05,4.01042451011111,0.116
50,-0.432,28.115,0.22759,6.196,0.073468781672638,0.127,0.738448860132226,1.10621978993369,1.071,8.2839755,3.45548551441068e-05,0.173745192274791,0.075268760233712,0.0302315660295667,0.0428980280859694,0.0039427942535682,0.00278096713513895,0.0345595769881723,0.086102604263103,0.0547483488586332,0.000173123465406112,0.00241782945632796,0.000266168273724061,0.00202217207969966,0.0272836248504707,0.00036,0.000433297189783356,0.132009753435582,0.0028655913356117,4.14736e-05,5.3531218327362,0.127
51,-0.347,28.165,0.01323,6.172,0.0723861295499378,0.094,0.769940288613332,1.11572375694153,1.074,6.64681237088869,4.96686067042262e-05,0.181154621135549,0.0923256607322249,0.0287210421582816,0.0619582714465201,0.00316920546641349,0.0022146749111997,0.0421202785053999,0.0692089991396613,0.0435998660734858,0.000275388709528718,0.00364721969659604,0.000239754004862019,0.00321668329690122,0.041301763354449,0.00036,0.000390297217217241,0.131566395713967,0.000467159395832074,0.0007054336,2.16138704500622,0.094
52,-0.342,28.246,0.05839,6.749,0.0740514090560396,0.081,0.782848747453336,1.12522697152882,1.043,7.06706802421644,6.10049372109894e-05,0.184191774802123,0.109381210851213,0.0321663099812023,0.0755378880570041,0.00337927431762912,0.00232595521195895,0.0479300845377572,0.0737964754321043,0.045790619301052,0.000250790463522748,0.0033417671182211,0.000254075613021741,0.00292936299536859,0.0380476499250568,0.00036,0.000413611463058648,0.130847645166781,4.82829161064889e-05,0.0015649936,0.694859094396043,0.081
53,-0.342,28.263,0.05572,6.653,0.0738669212057545,0.077,0.781326235570366,1.12346810959857,1.036,7.02984474324903,5.91873204311001e-05,0.183833552135492,0.106224557118067,0.031205809697686,0.0733476417640719,0.00336349830660399,0.00230770269715045,0.0469372949523011,0.0734519594500902,0.0454312856592925,0.000252172498040927,0.00335652425291494,0.000253828892996721,0.00294550587703566,0.0382568307919096,0.00036,0.000413209825808615,0.130696716728067,9.81618273095092e-06,0.0018974736,0.313307879424551,0.077
54,-0.367,28.249,0.26521,7.474,0.0768981898616269,0.075,0.76962476389135,1.12692486572167,1.022,8.7574913,5.84112056817578e-05,0.18108038322085,0.112428444946259,0.0389906515693673,0.0714068686075683,0.00418803222249662,0.00288099797543046,0.0496232530559201,0.0914581025292935,0.0567176361873842,0.000159926838695427,0.00222249056833067,0.000282826047220984,0.00186802861903149,0.0253089868859165,0.00036,0.000460414495476021,0.130821012732487,3.60312475078332e-06,0.0020757136,-0.189818986162694,0.075
55,0.121,28.206,0.31435,7.29,0.0758523635096968,0.09,0.75601476413525,1.12052563948248,1.019,8.6055422,5.22020980046212e-05,0.17787816821024,0.100943665470561,0.0347605665515435,0.0641181782125471,0.00410910237503448,0.00284959290341852,0.0477800320219826,0.0897344352559051,0.0560993707585286,0.00015191706965138,0.00211039227527361,0.000269762003192821,0.00177447035246307,0.0239651261083901,0.00036,0.000439147447058081,0.131202662280789,0.000200155618261757,0.0009339136,1.41476364903032,0.09
56,-0.322,28.198,0.43916,6.709,0.0756088661413586,0.082,0.731509811175002,1.10245865159762,1.052,8.5772726,3.73939123756941e-05,0.172112545167636,0.0685185934552951,0.0204643809338855,0.0459800982289739,0.0040944421594003,0.00284367769817091,0.0386523584639598,0.0894142859749683,0.0559829192850915,0.000125142707554795,0.00174129790094407,0.000245407551320258,0.00146173188366869,0.0197631896680455,0.00036,0.000399500664939954,0.131273647340981,4.0846591999072e-05,0.0014868736,0.639113385864136,0.082
57,-0.363,28.231,0.40019,7.21,0.0769423863375439,0.093,0.750618780175045,1.11251014237529,1.055,8.6938847,4.76825607747373e-05,0.176608579588342,0.0865581424052155,0.0262644549848358,0.0582796007674516,0.00415496490158324,0.00286793152042834,0.0448861348587277,0.0907359795212089,0.0564603994772617,0.000131531115109143,0.00183237658762094,0.000257345413603279,0.00153635180512093,0.0208423319054682,0.00036,0.000418934394237896,0.130980794482968,0.000257846956532698,0.0007595536,1.60576136624561,0.093
58,-0.341,28.327,0.36668,6.956,0.0769717610053496,0.07,0.748769929833961,1.11180433041119,1.056,9.0331199,4.36315834853271e-05,0.176173574708056,0.085291411951262,0.0298845816945037,0.0533212421381566,0.00433177188943319,0.00293629050634905,0.0414623794545148,0.094597084394236,0.057806169285729,0.000134870126743981,0.00187643820220863,0.000278145193377159,0.00157535319690756,0.0214696642073492,0.00036,0.000452794500846537,0.130128270263357,4.86054515157137e-05,0.0025563136,-0.697176100534963,0.07
59,-0.353,28.353,0.35668,6.327,0.0759549284539957,0.058,0.734926701125977,1.10345022332203,0.968,9.1249961,3.30424111576334e-05,0.172916484659678,0.0702981808871976,0.0275577999194946,0.0405662057185871,0.0043798468689321,0.0029542415149003,0.033609070158371,0.0956469441303876,0.0581595672335545,0.000135554618691519,0.00188734202338197,0.000283899005449678,0.00158334841870978,0.0216260621242513,0.00036,0.000462161171662267,0.129897228837473,0.000322379455788104,0.0039137536,-1.79549284539957,0.058
60,-0.346,28.312,0.34364,8.9,0.0809824999400675,0.066,0.80134289002629,1.15037137010248,0.98,8.98011440000001,9.29863463635493e-05,0.188543150409528,0.154508209315341,0.0411279609807889,0.111574631095522,0.00430407311452621,0.00292582502117182,0.0647505544947782,0.0939921995077802,0.05760013735309,0.00014063001737492,0.00195447277943975,0.000280079569400436,0.00164263171393981,0.0223430257036067,0.00036,0.000455943485070478,0.130261534550484,0.000224475304454122,0.0029767936,-1.49824999400675,0.066
61,-0.35,28.276,0.3361,7.07,0.0765653850926255,0.059,0.75357065231506,1.11506008549846,0.983,8.85290120000001,4.69552779133795e-05,0.177303107835627,0.091134560451811,0.0315722619162193,0.0574885620955935,0.00423770588692211,0.00290038205156077,0.0435320076295673,0.0925428742914659,0.057099246652634,0.000145168807762376,0.00201067016796638,0.000276147398879699,0.00169564714530028,0.0229356575108705,0.00036,0.000449542277246022,0.130581282356694,0.000308542753452229,0.0037896336,-1.75653850926255,0.059
62,-0.343,28.223,0.30482,6.403,0.0746256663481028,0.068,0.73825237218541,1.10610838831148,0.971,8.6656151,3.57806536249576e-05,0.173698961807196,0.075068826207867,0.0287196555607654,0.0441909216542688,0.00414028075737114,0.00286208729670265,0.0358195016627674,0.0904153076888169,0.0563453454029799,0.000155311249375903,0.00214635396506159,0.000273269101294185,0.0018141161362181,0.0244009136086077,0.00036,0.000444856676525417,0.131051798677965,4.38994545563817e-05,0.0027625536,-0.662566634810279,0.068
63,-0.339,28.249,0.29201,5.542,0.073398678229405,0.08,0.721349318577736,1.09546596595241,0.991,8.7574913,2.33672242698156e-05,0.16972194395579,0.0559687242091797,0.0246902910783443,0.0290182323722655,0.00418803222249662,0.00288099797543046,0.0253004219839939,0.0914581025292935,0.0567176361873842,0.00015735355993519,0.00217145432272909,0.000279516389021066,0.00183797138531087,0.0247278030154234,0.00036,0.000455026679801735,0.130821012732487,4.35774491189317e-05,0.0016451136,0.660132177059501,0.08
64,-0.357,28.287,0.14071,5.38,0.0695180036179018,0.069,0.733664447669063,1.0961577234293,1.002,6.27850045668582,3.34646078445325e-05,0.172619496633274,0.0572102308813659,0.0132956581558573,0.0422755478651421,0.00300656115413381,0.00205349026089024,0.0342425396506143,0.0656571782848988,0.0404266558063468,0.000260544927740239,0.00335417861939548,0.000222552527321745,0.00304330020859829,0.0382868129503669,0.00036,0.00036229481191912,0.130483594621074,2.68327748159356e-07,0.0026584336,-0.0518003617901802,0.069
65,-0.347,28.308,0.04883,5.398,0.0702266353051131,0.078,0.74810710993185,1.1004337390053,1.018,6.31022799047869,3.59240592651101e-05,0.176017623798584,0.0648844549343093,0.0180320005457065,0.0452417984958888,0.00302399771689198,0.00205721272014568,0.0342530585789746,0.0660379573381087,0.0404999391239934,0.000286295402468313,0.00368611709900837,0.000232523589754368,0.00334407914062794,0.0421288018690063,0.00036,0.000378526774018738,0.130297068120296,6.04251986797142e-05,0.0018113536,0.77733646948869,0.078
66,-0.286,28.123,0.04418,5.959,0.0714475428282445,0.058,0.758566535324172,1.10994981533962,1.029,6.47741048685838,4.43505839884694e-05,0.178478559110405,0.0819630882078509,0.0247622749569366,0.0555545506631254,0.00308382900017476,0.00217189304909807,0.040046975623278,0.0673445508288517,0.0427576280327816,0.000279720775206579,0.00366141061612506,0.000230417685913301,0.00326728407618116,0.0413402710369554,0.00036,0.000375098558463513,0.131938832497105,0.00018083640811747,0.0039137536,-1.34475428282445,0.058
67,-0.349,28.082,0.12876,5.548,0.0696342600714303,0.065,0.733548215229669,1.09871417419583,1.008,6.1927282659665,3.50292616082785e-05,0.172592149001473,0.0617983282851298,0.0159229597063725,0.0442296449165048,0.00294399643718474,0.00208918867230532,0.0358632323986626,0.0642908921644846,0.0411294433571799,0.000265815407627611,0.00345439489531712,0.000212146057628886,0.0031048621537099,0.0388875391519398,0.00036,0.000345354047302837,0.132302236366528,2.1476366409653e-05,0.0030869136,-0.463426007143028,0.065
68,-0.335,28.105,0.08077,4.883,0.0675623062427454,0.083,0.717465180688382,1.09091506650209,1.011,5.79164996410254,2.65284517096486e-05,0.168808068505719,0.0478011622806931,0.0124068006393929,0.0338000189333907,0.00275558059015568,0.00194719087883165,0.0292208879435338,0.060176273427035,0.0383339609381242,0.000297666005366697,0.00380099156094695,0.000203899530016474,0.00347689369385172,0.0428608645279028,0.00036,0.000331929467468679,0.132098395847831,0.000238322388542778,0.0014107536,1.54376937572546,0.083
69,-0.324,28.051,0.05356,3.8,0.0630879575001199,0.071,0.674448113301644,1.07875218921681,1.003,5.00610399130647,1.4461837355422e-05,0.15868684136635,0.0259722788828972,0.00569129638933985,0.0187836623778623,0.00237725317658044,0.00169666044154043,0.018934510907505,0.0519143724811583,0.0334018178691842,0.000350073485097526,0.00431305594479691,0.000177681450928889,0.00408904030280798,0.0484430772093552,0.00036,0.000289248873605168,0.132576895961189,6.26004165199094e-05,0.0024561936,0.791204249988013,0.071
70,-0.215,27.91,0.00414,3.108,0.0602826898631631,0.052,0.646247725675201,1.07357277471497,0.986,4.39231162511905,8.89160884172142e-06,0.152051741720448,0.0166767123341525,0.00361360221933948,0.0116867209974415,0.0020752967338598,0.00151973549091128,0.0128527161397001,0.0453202581499983,0.0299187314290572,0.000421345902214032,0.00501348045529727,0.000155746587590184,0.00492153918796846,0.0557116740257022,0.00036,0.000253540956542159,0.133824952883923,6.86029513693453e-05,0.0047004736,-0.828268986316313,0.052
71,-0.036,27.328,0,2.8,0.0585807926493411,0.028,0.616102919698431,1.07147160051827,0.96,3.85158165280478,6.30781180961716e-06,0.144959151571981,0.0129057060613546,0.00327622893512269,0.00835005307833126,0.00178186246519909,0.00144521217506396,0.0100363230828368,0.038912250760604,0.0284516056789692,0.000479616335224819,0.00564323774130715,0.000122233979828598,0.00560216813927792,0.06042674704178,0.00036,0.000198985548558183,0.138954693236951,0.000935184879061992,0.0085673536,-3.05807926493411,0.028
72,0.002,27.045,0,3.193,0.0598862147377901,0.019,0.630167926452942,1.07415213660058,0.977,4.01047582935562,8.37124833035399e-06,0.148268422443455,0.0177165010904998,0.00535102260008513,0.0110211340295122,0.00183615825842611,0.00156182850360077,0.0127507271197955,0.0400979604113541,0.0307474082279004,0.00048053048606948,0.00565070343407268,0.000119737939950178,0.00561284589639405,0.0602893829672638,0.00036,0.000194922227825872,0.141435542499671,0.00167168255558469,0.0103144336,-4.08862147377901,0.019
73,0.326,26.688,0,2.13,0.052795086938149,0.012,0.571445638239149,1.06755595118803,1.049,3.08956447278393,2.96351900139938e-06,0.134452008325497,0.00587823627341856,0.000696667980753296,0.00401780082395054,0.00139585566257921,0.00125858005054352,0.00535448217543374,0.0304826475829168,0.0247774160302077,0.000712328433917949,0.0071377078612631,8.77723388449918e-05,0.00832036643482191,0.0779331263385795,0.00036,0.000142885202770917,0.144551448187105,0.00166423911829114,0.0117852736,-4.0795086938149,0.012
74,0.437,26.621,0,2.036,0.0517758481691929,0.007,0.565533957301873,1.06713982914012,1.04,2.99266068885502,2.6306108163786e-06,0.133061084462563,0.00513141630228809,0.000401166101188788,0.00358128407232545,0.0013486804605235,0.0012291738891779,0.00482810043857709,0.0294524371553859,0.024198502759103,0.000754265475113812,0.00734261067401827,8.41365135148691e-05,0.00881021287829829,0.080903439407621,0.00036,0.000136966417349787,0.145134446175142,0.00200487657927062,0.0128958736,-4.47758481691929,0.007
75,0.514,26.644,0,1.928,0.0513098837569106,0.008,0.559175481441899,1.06679665828421,0.973,2.90986543884138,2.30717090352106e-06,0.131565036908684,0.00451552284029236,0.000252400404955444,0.00314690067284243,0.00131250072689879,0.00119180653526967,0.00430533364255291,0.0286623453863789,0.0234628590681576,0.000797895055661066,0.00764988170048952,8.27524292710414e-05,0.00931982906131949,0.0840090347276108,0.00036,0.000134713256952858,0.144934377724135,0.00187574603103711,0.0126697536,-4.33098837569106,0.008
76,1.341,26.859,0,1.163,0.0475738552151207,0.009,0.510410552408576,1.06506834842191,1.031,2.24163480487723,6.82799140730819e-07,0.120091429962301,0.00141370132433219,-0.000366974478416382,0.000945418623933731,0.00101925281973655,0.000893913911917384,0.0014349784942853,0.0222584077529294,0.0175983060284505,0.000971114076831433,0.00886529526379827,6.84141305743548e-05,0.0113431172820234,0.0952760408498538,0.00036,0.00011137184046988,0.143060915651663,0.00148794230615709,0.0124456336,-3.85738552151207,0.009
